"Abdi";"Sanae";"/abgeordnete/biografien/A/abdi_sanae-861028";"861028"
"Akbulut";"Gökay";"/abgeordnete/biografien/A/akbulut_goekay-857082";"857082"
"Abel";"Valentin";"/abgeordnete/biografien/A/abel_valentin-860100";"860100"
"Al-Dailami";"Ali";"/abgeordnete/biografien/A/al_dailami_ali-860114";"860114"
"Abraham";"Knut";"/abgeordnete/biografien/A/abraham_knut-860546";"860546"
"Al-Halak";"Muhanad";"/abgeordnete/biografien/A/al_halak_muhanad-860118";"860118"
"Adler";"Katja";"/abgeordnete/biografien/A/adler_katja-860102";"860102"
"Alabali-Radovan";"Reem";"/abgeordnete/biografien/…ali_radovan_reem-860830";"860830"
"Aeffner";"Stephanie";"/abgeordnete/biografien/A/aeffner_stephanie-860154";"860154"
"Albani";"Stephan";"/abgeordnete/biografien/A/albani_stephan-857088";"857088"
"Ahmetovic";"Adis";"/abgeordnete/biografien/A/ahmetovic_adis-861876";"861876"
"Alt";"Renata";"/abgeordnete/biografien/A/alt_renata-857098";"857098"
"Abdi";"Sanae";"/abgeordnete/biografien/A/abdi_sanae-861028";"861028"
"Abel";"Valentin";"/abgeordnete/biografien/A/abel_valentin-860100";"860100"
"Abraham";"Knut";"/abgeordnete/biografien/A/abraham_knut-860546";"860546"
"Adler";"Katja";"/abgeordnete/biografien/A/adler_katja-860102";"860102"
"Aeffner";"Stephanie";"/abgeordnete/biografien/A/aeffner_stephanie-860154";"860154"
"Ahmetovic";"Adis";"/abgeordnete/biografien/A/ahmetovic_adis-861876";"861876"
"Akbulut";"Gökay";"/abgeordnete/biografien/A/akbulut_goekay-857082";"857082"
"Al-Dailami";"Ali";"/abgeordnete/biografien/A/al_dailami_ali-860114";"860114"
"Al-Halak";"Muhanad";"/abgeordnete/biografien/A/al_halak_muhanad-860118";"860118"
"Alabali-Radovan";"Reem";"/abgeordnete/biografien/…ali_radovan_reem-860830";"860830"
"Albani";"Stephan";"/abgeordnete/biografien/A/albani_stephan-857088";"857088"
"Alt";"Renata";"/abgeordnete/biografien/A/alt_renata-857098";"857098"
"Altenkamp";"Norbert Maria";"/abgeordnete/biografien/A/altenkamp_norbert-857102";"857102"
"Amthor";"Philipp";"/abgeordnete/biografien/A/amthor_philipp-857086";"857086"
"Amtsberg";"Luise";"/abgeordnete/biografien/A/amtsberg_luise-857104";"857104"
"Andres";"Dagmar";"/abgeordnete/biografien/A/andres_dagmar-860980";"860980"
"Annen";"Niels";"/abgeordnete/biografien/A/annen_niels-857106";"857106"
"Arlt";"Johannes";"/abgeordnete/biografien/A/arlt_johannes-860828";"860828"
"Aschenberg-Dugnus";"Christine";"/abgeordnete/biografien/…dugnus_christine-857094";"857094"
"Audretsch";"Andreas";"/abgeordnete/biografien/A/audretsch_andreas-860496";"860496"
"Auernhammer";"Artur";"/abgeordnete/biografien/A/auernhammer_artur-857084";"857084"
"Aumer";"Peter";"/abgeordnete/biografien/A/aumer_peter-857090";"857090"
"Außendorf";"Maik";"/abgeordnete/biografien/A/aussendorf_maik-860932";"860932"
"Bacherle";"Tobias";"/abgeordnete/biografien/B/bacherle_tobias-860138";"860138"
"Bachmann";"Carolin";"/abgeordnete/biografien/B/bachmann_carolin-863318";"863318"
"Badum";"Lisa";"/abgeordnete/biografien/B/badum_lisa-857148";"857148"
"Baehrens";"Heike";"/abgeordnete/biografien/B/baehrens_heike-857144";"857144"
"Bär";"Dorothee";"/abgeordnete/biografien/B/baer_dorothee-857110";"857110"
"Bär";"Karl";"/abgeordnete/biografien/B/baer_karl-860334";"860334"
"Baerbock";"Annalena";"/abgeordnete/biografien/B/baerbock_annalena-857150";"857150"
"Bahr";"Ulrike";"/abgeordnete/biografien/B/bahr_ulrike-857152";"857152"
"Baldy";"Daniel";"/abgeordnete/biografien/B/baldy_daniel-861186";"861186"
"Banaszak";"Felix";"/abgeordnete/biografien/B/banaszak_felix-860904";"860904"
"Baradari";"Nezahat";"/abgeordnete/biografien/B/baradari_nezahat-857122";"857122"
"Bareiß";"Thomas";"/abgeordnete/biografien/B/bareiss_thomas-857138";"857138"
"Bartol";"Sören";"/abgeordnete/biografien/B/bartol_soeren-857132";"857132"
"Bartsch";"Dr. Dietmar";"/abgeordnete/biografien/B/bartsch_dietmar-857154";"857154"
"Bas";"Bärbel";"/abgeordnete/biografien/B/bas_baerbel-857120";"857120"
"Bauer";"Nicole";"/abgeordnete/biografien/B/bauer_nicole-857140";"857140"
"Baum";"Dr. Christina";"/abgeordnete/biografien/B/baum_christina-860218";"860218"
"Baumann";"Dr. Bernd";"/abgeordnete/biografien/B/baumann_bernd-857160";"857160"
"Bayram";"Canan";"/abgeordnete/biografien/B/bayram_canan-857156";"857156"
"Beck";"Katharina";"/abgeordnete/biografien/B/beck_katharina-860700";"860700"
"Beckamp";"Roger";"/abgeordnete/biografien/B/beckamp_roger-860236";"860236"
"Becker";"Dr. Holger";"/abgeordnete/biografien/B/becker_holger-861440";"861440"
"Beeck";"Jens";"/abgeordnete/biografien/B/beeck_jens-857142";"857142"
"Benner";"Lukas";"/abgeordnete/biografien/B/benner_lukas-861470";"861470"
"Berghahn";"Jürgen";"/abgeordnete/biografien/B/berghahn_juergen-861088";"861088"
"Berghegger";"Dr. André";"/abgeordnete/biografien/B/berghegger_andre-857124";"857124"
"Bergt";"Bengt";"/abgeordnete/biografien/B/bergt_bengt-861374";"861374"
"Bernhard";"Marc";"/abgeordnete/biografien/B/bernhard_marc-857114";"857114"
"Beyer";"Peter";"/abgeordnete/biografien/B/beyer_peter-857108";"857108"
"Biadacz";"Marc";"/abgeordnete/biografien/B/biadacz_marc-857126";"857126"
"Bilger";"Steffen";"/abgeordnete/biografien/B/bilger_steffen-857146";"857146"
"Birkwald";"Matthias W.";"/abgeordnete/biografien/…kwald_matthias_w-857206";"857206"
"Blankenburg";"Jakob";"/abgeordnete/biografien/B/blankenburg_jakob-860872";"860872"
"Bleck";"Andreas";"/abgeordnete/biografien/B/bleck_andreas-857164";"857164"
"Bochmann";"René";"/abgeordnete/biografien/B/bochmann_rene-860294";"860294"
"Bodtke";"Ingo";"/abgeordnete/biografien/B/bodtke_ingo-860300";"860300"
"Boehringer";"Peter";"/abgeordnete/biografien/B/boehringer_peter-857196";"857196"
"Boginski";"Friedhelm";"/abgeordnete/biografien/…ginski_friedhelm-860302";"860302"
"Bollmann";"Gereon";"/abgeordnete/biografien/B/bollmann_gereon-860310";"860310"
"Borchardt";"Simone";"/abgeordnete/biografien/B/borchardt_simone-860762";"860762"
"Brand (Fulda)";"Michael";"/abgeordnete/biografien/B/brand_michael-857184";"857184"
"Brandenburg (Rhein-Neckar)";"Dr. Jens";"/abgeordnete/biografien/B/brandenburg_jens-857216";"857216"
"Brandenburg (Südpfalz)";"Mario";"/abgeordnete/biografien/B/brandenburg_mario-857166";"857166"
"Brandes";"Dirk";"/abgeordnete/biografien/B/brandes_dirk-860314";"860314"
"Brandl";"Dr. Reinhard";"/abgeordnete/biografien/B/brandl_reinhard-857194";"857194"
"Brandner";"Stephan";"/abgeordnete/biografien/B/brandner_stephan-857202";"857202"
"Brantner";"Dr. Franziska";"/abgeordnete/biografien/…antner_franziska-857200";"857200"
"Braun";"Prof. Dr. Helge";"/abgeordnete/biografien/B/braun_helge-857178";"857178"
"Braun";"Jürgen";"/abgeordnete/biografien/B/braun_juergen-857190";"857190"
"Breher";"Silvia";"/abgeordnete/biografien/B/breher_silvia-857172";"857172"
"Brehm";"Sebastian";"/abgeordnete/biografien/B/brehm_sebastian-857198";"857198"
"Brehmer";"Heike";"/abgeordnete/biografien/B/brehmer_heike-857180";"857180"
"Breilmann";"Michael";"/abgeordnete/biografien/B/breilmann_michael-860954";"860954"
"Breymaier";"Leni";"/abgeordnete/biografien/B/breymaier_leni-857186";"857186"
"Brinkhaus";"Ralph";"/abgeordnete/biografien/B/brinkhaus_ralph-857212";"857212"
"Brodesser";"Dr. Carsten";"/abgeordnete/biografien/B/brodesser_carsten-857218";"857218"
"Bröhr";"Dr. Marlon";"/abgeordnete/biografien/B/broehr_marlon-861144";"861144"
"Brugger";"Agnieszka";"/abgeordnete/biografien/B/brugger_agnieszka-857182";"857182"
"Bsirske";"Frank";"/abgeordnete/biografien/B/bsirske_frank-860818";"860818"
"Bubendorfer-Licht";"Sandra";"/abgeordnete/biografien/…fer_licht_sandra-857188";"857188"
"Budde";"Katrin";"/abgeordnete/biografien/B/budde_katrin-857170";"857170"
"Bühl";"Marcus";"/abgeordnete/biografien/B/buehl_marcus-857208";"857208"
"Bünger";"Clara";"/abgeordnete/biografien/B/buenger_clara-874466";"874466"
"Bury";"Yannick";"/abgeordnete/biografien/B/bury_yannick-861566";"861566"
"Buschmann";"Dr. Marco";"/abgeordnete/biografien/B/buschmann_marco-857192";"857192"
"Busen";"Karlheinz";"/abgeordnete/biografien/B/busen_karlheinz-857210";"857210"
"Bystron";"Petr";"/abgeordnete/biografien/B/bystron_petr-857176";"857176"
"Cademartori";"Isabel";"/abgeordnete/biografien/…i_dujisin_isabel-860204";"860204"
"Castellucci";"Prof. Dr. Lars";"/abgeordnete/biografien/C/castellucci_lars-857236";"857236"
"Christmann";"Dr. Anna";"/abgeordnete/biografien/C/christmann_anna-857222";"857222"
"Chrupalla";"Tino";"/abgeordnete/biografien/C/chrupalla_tino-857230";"857230"
"Connemann";"Gitta";"/abgeordnete/biografien/C/connemann_gitta-857226";"857226"
"Coße";"Jürgen";"/abgeordnete/biografien/C/cosse_juergen-860994";"860994"
"Cotar";"Joana";"/abgeordnete/biografien/C/cotar_joana-857234";"857234"
"Cronenberg";"Carl-Julius";"/abgeordnete/biografien/C/cronenberg_carl-857232";"857232"
"Curio";"Dr. Gottfried";"/abgeordnete/biografien/C/curio_gottfried-857228";"857228"
"Czaja";"Mario";"/abgeordnete/biografien/C/czaja_mario-861524";"861524"
"Dahmen";"Dr. Janosch";"/abgeordnete/biografien/D/dahmen_janosch-857272";"857272"
"Daldrup";"Bernhard";"/abgeordnete/biografien/D/daldrup_bernhard-857248";"857248"
"Damerow";"Astrid";"/abgeordnete/biografien/D/damerow_astrid-857268";"857268"
"Dağdelen";"Sevim";"/abgeordnete/biografien/D/dagdelen_sevim-857246";"857246"
"Deligöz";"Ekin";"/abgeordnete/biografien/D/deligoez_ekin-857242";"857242"
"Demir";"Hakan";"/abgeordnete/biografien/D/demir_hakan-861502";"861502"
"Detzer";"Dr. Sandra";"/abgeordnete/biografien/D/detzer_sandra-860130";"860130"
"Diaby";"Dr. Karamba";"/abgeordnete/biografien/D/diaby_karamba-857252";"857252"
"Diedenhofen";"Martin";"/abgeordnete/biografien/…edenhofen_martin-861190";"861190"
"Dieren";"Jan";"/abgeordnete/biografien/D/dieren_jan-861096";"861096"
"Dietz";"Thomas";"/abgeordnete/biografien/D/dietz_thomas-860430";"860430"
"Dilcher";"Esther";"/abgeordnete/biografien/D/dilcher_esther-857244";"857244"
"Dittmar";"Sabine";"/abgeordnete/biografien/D/dittmar_sabine-857240";"857240"
"Djir-Sarai";"Bijan";"/abgeordnete/biografien/D/djir_sarai_bijan-857262";"857262"
"Dobrindt";"Alexander";"/abgeordnete/biografien/…brindt_alexander-857264";"857264"
"Döring";"Felix";"/abgeordnete/biografien/D/doering_felix-860648";"860648"
"Domscheit-Berg";"Anke";"/abgeordnete/biografien/…scheit_berg_anke-857258";"857258"
"Donth";"Michael";"/abgeordnete/biografien/D/donth_michael-857254";"857254"
"Dröge";"Katharina";"/abgeordnete/biografien/D/droege_katharina-857250";"857250"
"Droßmann";"Falko";"/abgeordnete/biografien/D/drossmann_falko-861608";"861608"
"Düring";"Deborah";"/abgeordnete/biografien/D/duering_deborah-860736";"860736"
"Dürr";"Christian";"/abgeordnete/biografien/D/duerr_christian-857270";"857270"
"Durz";"Hansjörg";"/abgeordnete/biografien/D/durz_hansjoerg-857260";"857260"
"Ebner";"Harald";"/abgeordnete/biografien/E/ebner_harald-857284";"857284"
"Echeverria";"Axel";"/abgeordnete/biografien/E/echeverria_axel-860998";"860998"
"Eckert";"Leon";"/abgeordnete/biografien/E/eckert_leon-860382";"860382"
"Edelhäußer";"Ralph";"/abgeordnete/biografien/…elhaeusser_ralph-861822";"861822"
"Ehrhorn";"Thomas";"/abgeordnete/biografien/E/ehrhorn_thomas-857276";"857276"
"Eichwede";"Sonja";"/abgeordnete/biografien/E/eichwede_sonja-860474";"860474"
"Emmerich";"Marcel";"/abgeordnete/biografien/E/emmerich_marcel-863346";"863346"
"Engelhard";"Alexander";"/abgeordnete/biografien/…elhard_alexander-861748";"861748"
"Engelhardt";"Heike";"/abgeordnete/biografien/E/engelhardt_heike-860228";"860228"
"Englhardt-Kopf";"Martina";"/abgeordnete/biografien/…rdt_kopf_martina-860320";"860320"
"Erndl";"Thomas";"/abgeordnete/biografien/E/erndl_thomas-857286";"857286"
"Ernst";"Klaus";"/abgeordnete/biografien/E/ernst_klaus-857282";"857282"
"Esdar";"Dr. Wiebke";"/abgeordnete/biografien/E/esdar_wiebke-857288";"857288"
"Esken";"Saskia";"/abgeordnete/biografien/E/esken_saskia-857280";"857280"
"Espendiller";"Dr. Michael";"/abgeordnete/biografien/…endiller_michael-857290";"857290"
"Faber";"Dr. Marcus";"/abgeordnete/biografien/F/faber_marcus-857296";"857296"
"Färber";"Hermann";"/abgeordnete/biografien/F/faerber_hermann-857322";"857322"
"Fäscher";"Ariane";"/abgeordnete/biografien/F/faescher_ariane-860484";"860484"
"Fahimi";"Yasmin";"/abgeordnete/biografien/F/fahimi_yasmin-857316";"857316"
"Farle";"Robert";"/abgeordnete/biografien/F/farle_robert-863326";"863326"
"Fechner";"Dr. Johannes";"/abgeordnete/biografien/F/fechner_johannes-857324";"857324"
"Feiler";"Uwe";"/abgeordnete/biografien/F/feiler_uwe-857298";"857298"
"Felser";"Peter";"/abgeordnete/biografien/F/felser_peter-857292";"857292"
"Ferlemann";"Enak";"/abgeordnete/biografien/F/ferlemann_enak-857318";"857318"
"Ferschl";"Susanne";"/abgeordnete/biografien/F/ferschl_susanne-857312";"857312"
"Fester";"Emilia";"/abgeordnete/biografien/F/fester_emilia-860704";"860704"
"Fiedler";"Sebastian";"/abgeordnete/biografien/F/fiedler_sebastian-861716";"861716"
"Föst";"Daniel";"/abgeordnete/biografien/F/foest_daniel-857310";"857310"
"Franke";"Dr. Edgar";"/abgeordnete/biografien/F/franke_edgar-857306";"857306"
"Frei";"Thorsten";"/abgeordnete/biografien/F/frei_thorsten-857308";"857308"
"Fricke";"Otto";"/abgeordnete/biografien/F/fricke_otto-857314";"857314"
"Friedhoff";"Dietmar";"/abgeordnete/biografien/F/friedhoff_dietmar-857302";"857302"
"Friedrich (Hof)";"Dr. Hans-Peter";"/abgeordnete/biografien/…drich_hans_peter-857300";"857300"
"Frieser";"Michael";"/abgeordnete/biografien/F/frieser_michael-857294";"857294"
"Frömming";"Dr. Götz";"/abgeordnete/biografien/F/froemming_goetz-857320";"857320"
"Frohnmaier";"Markus";"/abgeordnete/biografien/F/frohnmaier_markus-857304";"857304"
"Funke";"Fabian";"/abgeordnete/biografien/F/funke_fabian-861290";"861290"
"Funke-Kaiser";"Maximilian";"/abgeordnete/biografien/…aiser_maximilian-860504";"860504"
"Gädechens";"Ingo";"/abgeordnete/biografien/G/gaedechens_ingo-857372";"857372"
"Gambir";"Schahina";"/abgeordnete/biografien/G/gambir_schahina-860934";"860934"
"Ganserer";"Tessa";"/abgeordnete/biografien/G/ganserer_tessa-860336";"860336"
"Gassner-Herz";"Martin";"/abgeordnete/biografien/…sner_herz_martin-860520";"860520"
"Gastel";"Matthias";"/abgeordnete/biografien/G/gastel_matthias-857368";"857368"
"Gauland";"Dr. Alexander";"/abgeordnete/biografien/G/gauland_alexander-857328";"857328"
"Gava";"Manuel";"/abgeordnete/biografien/G/gava_manuel-860882";"860882"
"Gebhart";"Dr. Thomas";"/abgeordnete/biografien/G/gebhart_thomas-863124";"863124"
"Gehring";"Kai";"/abgeordnete/biografien/G/gehring_kai-857348";"857348"
"Geissler";"Dr. Jonas";"/abgeordnete/biografien/G/geissler_jonas-861556";"861556"
"Gelbhaar";"Stefan";"/abgeordnete/biografien/G/gelbhaar_stefan-857334";"857334"
"Gerdes";"Michael";"/abgeordnete/biografien/G/gerdes_michael-857362";"857362"
"Gerschau";"Knut";"/abgeordnete/biografien/G/gerschau_knut-860534";"860534"
"Gerster";"Martin";"/abgeordnete/biografien/G/gerster_martin-857338";"857338"
"Gesenhues";"Dr. Jan-Niclas";"/abgeordnete/biografien/G/gesenhues_jan-860906";"860906"
"Glaser";"Albrecht";"/abgeordnete/biografien/G/glaser_albrecht-857350";"857350"
"Glöckner";"Angelika";"/abgeordnete/biografien/…oeckner_angelika-857370";"857370"
"Gnauck";"Hannes";"/abgeordnete/biografien/G/gnauck_hannes-860536";"860536"
"Göring-Eckardt";"Katrin";"/abgeordnete/biografien/…g_eckardt_katrin-857330";"857330"
"Görke";"Christian";"/abgeordnete/biografien/G/goerke_christian-860512";"860512"
"Gohlke";"Nicole";"/abgeordnete/biografien/G/gohlke_nicole-857380";"857380"
"Gottschalk";"Kay";"/abgeordnete/biografien/G/gottschalk_kay-857332";"857332"
"Gräßle";"Dr. Ingeborg";"/abgeordnete/biografien/G/graessle_ingeborg-860112";"860112"
"Gramling";"Fabian";"/abgeordnete/biografien/G/gramling_fabian-861744";"861744"
"Grau";"Prof. Dr. Armin";"/abgeordnete/biografien/G/grau_armin-861218";"861218"
"Gremmels";"Timon";"/abgeordnete/biografien/G/gremmels_timon-857384";"857384"
"Griese";"Kerstin";"/abgeordnete/biografien/G/griese_kerstin-857340";"857340"
"Gröhe";"Hermann";"/abgeordnete/biografien/G/groehe_hermann-857336";"857336"
"Grötsch";"Uli";"/abgeordnete/biografien/G/groetsch_uli-857364";"857364"
"Grosse-Brömer";"Michael";"/abgeordnete/biografien/…_broemer_michael-857344";"857344"
"Grübel";"Markus";"/abgeordnete/biografien/G/gruebel_markus-857360";"857360"
"Grütters";"Prof. Monika";"/abgeordnete/biografien/G/gruetters_monika-857378";"857378"
"Grützmacher";"Sabine";"/abgeordnete/biografien/…etzmacher_sabine-861782";"861782"
"Grund";"Manfred";"/abgeordnete/biografien/G/grund_manfred-857366";"857366"
"Grundl";"Erhard";"/abgeordnete/biografien/G/grundl_erhard-857346";"857346"
"Grundmann";"Oliver";"/abgeordnete/biografien/G/grundmann_oliver-857356";"857356"
"Güler";"Serap";"/abgeordnete/biografien/G/gueler_serap-860942";"860942"
"Güntzler";"Fritz";"/abgeordnete/biografien/G/guentzler_fritz-857354";"857354"
"Gürpinar";"Ates";"/abgeordnete/biografien/G/guerpinar_ates-860516";"860516"
"Gutting";"Olav";"/abgeordnete/biografien/G/gutting_olav-857342";"857342"
"Gysi";"Dr. Gregor";"/abgeordnete/biografien/G/gysi_gregor-863130";"863130"
"Haase";"Christian";"/abgeordnete/biografien/H/haase_christian-857456";"857456"
"Habeck";"Dr. Robert";"/abgeordnete/biografien/H/habeck_robert-861322";"861322"
"Hacker";"Thomas";"/abgeordnete/biografien/H/hacker_thomas-857486";"857486"
"Hagedorn";"Bettina";"/abgeordnete/biografien/H/hagedorn_bettina-857422";"857422"
"Hagl-Kehl";"Rita";"/abgeordnete/biografien/H/hagl-kehl_rita-857446";"857446"
"Hahn";"Dr. André";"/abgeordnete/biografien/H/hahn_andre-857462";"857462"
"Hahn";"Florian";"/abgeordnete/biografien/H/hahn_florian-857470";"857470"
"Hakverdi";"Metin";"/abgeordnete/biografien/H/hakverdi_metin-857438";"857438"
"Hanke";"Reginald";"/abgeordnete/biografien/H/hanke_reginald-857466";"857466"
"Harder-Kühnel";"Mariana Iris";"/abgeordnete/biografien/…_kuehnel_mariana-857390";"857390"
"Hardt";"Jürgen";"/abgeordnete/biografien/H/hardt_juergen-857408";"857408"
"Hartewig";"Philipp";"/abgeordnete/biografien/H/hartewig_philipp-860586";"860586"
"Hartmann";"Sebastian";"/abgeordnete/biografien/…rtmann_sebastian-857488";"857488"
"Harzer";"Ulrike";"/abgeordnete/biografien/H/harzer_ulrike-860588";"860588"
"Haßelmann";"Britta";"/abgeordnete/biografien/H/hasselmann_britta-857416";"857416"
"Hauer";"Matthias";"/abgeordnete/biografien/H/hauer_matthias-857432";"857432"
"Haug";"Jochen";"/abgeordnete/biografien/H/haug_jochen-857388";"857388"
"Heck";"Dr. Stefan";"/abgeordnete/biografien/H/heck_stefan-860650";"860650"
"Heidenblut";"Dirk";"/abgeordnete/biografien/H/heidenblut_dirk-857440";"857440"
"Heidt";"Peter";"/abgeordnete/biografien/H/heidt_peter-857476";"857476"
"Heil (Peine)";"Hubertus";"/abgeordnete/biografien/H/heil_hubertus-857452";"857452"
"Heil";"Mechthild";"/abgeordnete/biografien/H/heil_mechthild-857412";"857412"
"Heiligenstadt";"Frauke";"/abgeordnete/biografien/…igenstadt_frauke-860864";"860864"
"Heilmann";"Thomas";"/abgeordnete/biografien/H/heilmann_thomas-857430";"857430"
"Heinrich";"Gabriela";"/abgeordnete/biografien/H/heinrich_gabriela-857410";"857410"
"Heitmann";"Linda";"/abgeordnete/biografien/H/heitmann_linda-860706";"860706"
"Helferich";"Matthias";"/abgeordnete/biografien/…lferich_matthias-860592";"860592"
"Helfrich";"Mark";"/abgeordnete/biografien/H/helfrich_mark-857398";"857398"
"Helling-Plahr";"Katrin";"/abgeordnete/biografien/…ing_plahr_katrin-857420";"857420"
"Hellmich";"Wolfgang";"/abgeordnete/biografien/H/hellmich_wolfgang-857434";"857434"
"Henneberger";"Kathrin";"/abgeordnete/biografien/…neberger_kathrin-860936";"860936"
"Hennig";"Anke";"/abgeordnete/biografien/H/hennig_anke-860878";"860878"
"Hennig-Wellsow";"Susanne";"/abgeordnete/biografien/…_wellsow_susanne-860596";"860596"
"Hennrich";"Michael";"/abgeordnete/biografien/H/hennrich_michael-857406";"857406"
"Henrichmann";"Marc";"/abgeordnete/biografien/H/henrichmann_marc-857478";"857478"
"Herbrand";"Markus";"/abgeordnete/biografien/H/herbrand_markus-857442";"857442"
"Herbst";"Torsten";"/abgeordnete/biografien/H/herbst_torsten-857454";"857454"
"Herrmann";"Bernhard";"/abgeordnete/biografien/H/herrmann_bernhard-861258";"861258"
"Heselhaus";"Nadine";"/abgeordnete/biografien/H/heselhaus_nadine-860970";"860970"
"Hess";"Martin";"/abgeordnete/biografien/H/hess_martin-857490";"857490"
"Hessel";"Katja";"/abgeordnete/biografien/H/hessel_katja-857474";"857474"
"Heveling";"Ansgar";"/abgeordnete/biografien/H/heveling_ansgar-857460";"857460"
"Hierl";"Susanne";"/abgeordnete/biografien/H/hierl_susanne-860324";"860324"
"Hilse";"Karsten";"/abgeordnete/biografien/H/hilse_karsten-857458";"857458"
"Hirte";"Christian";"/abgeordnete/biografien/H/hirte_christian-857492";"857492"
"Hitschler";"Thomas";"/abgeordnete/biografien/H/hitschler_thomas-857396";"857396"
"Hocker";"Dr. Gero Clemens";"/abgeordnete/biografien/H/hocker_gero-857472";"857472"
"Höchst";"Nicole";"/abgeordnete/biografien/H/hoechst_nicole-857424";"857424"
"Höferlin";"Manuel";"/abgeordnete/biografien/H/hoeferlin_manuel-857484";"857484"
"Hönel";"Bruno";"/abgeordnete/biografien/H/hoenel_bruno-861328";"861328"
"Hoffmann";"Alexander";"/abgeordnete/biografien/…ffmann_alexander-857494";"857494"
"Hoffmann";"Dr. Bettina";"/abgeordnete/biografien/H/hoffmann_bettina-857468";"857468"
"Hoffmann";"Dr. Christoph";"/abgeordnete/biografien/…ffmann_christoph-857402";"857402"
"Hofreiter";"Dr. Anton";"/abgeordnete/biografien/H/hofreiter_anton-857482";"857482"
"Holm";"Leif-Erik";"/abgeordnete/biografien/H/holm_leif-857480";"857480"
"Hoppenstedt";"Dr. Hendrik";"/abgeordnete/biografien/…penstedt_hendrik-857418";"857418"
"Hoppermann";"Franziska";"/abgeordnete/biografien/…ermann_franziska-860600";"860600"
"Hostert";"Jasmina";"/abgeordnete/biografien/H/hostert_jasmina-860128";"860128"
"Houben";"Reinhard";"/abgeordnete/biografien/H/houben_reinhard-857414";"857414"
"Huber";"Johannes";"/abgeordnete/biografien/H/huber_johannes-857428";"857428"
"Hubertz";"Verena";"/abgeordnete/biografien/H/hubertz_verena-861188";"861188"
"Hümpfer";"Markus";"/abgeordnete/biografien/H/huempfer_markus-860292";"860292"
"Hüppe";"Hubert";"/abgeordnete/biografien/H/hueppe_hubert-860964";"860964"
"Hunko";"Andrej";"/abgeordnete/biografien/H/hunko_andrej-857404";"857404"
"Huy";"Gerrit";"/abgeordnete/biografien/H/huy_gerrit-860640";"860640"
"in der Beek";"Olaf";"/abgeordnete/biografien/I/in_der_beek_olaf-857498";"857498"
"Irlstorfer";"Erich";"/abgeordnete/biografien/I/irlstorfer_erich-857500";"857500"
"Jacobi";"Fabian";"/abgeordnete/biografien/J/jacobi_fabian-857514";"857514"
"Janecek";"Dieter";"/abgeordnete/biografien/J/janecek_dieter-857506";"857506"
"Janich";"Steffen";"/abgeordnete/biografien/J/janich_steffen-860662";"860662"
"Janssen";"Anne";"/abgeordnete/biografien/J/janssen_anne-860798";"860798"
"Jarzombek";"Thomas";"/abgeordnete/biografien/J/jarzombek_thomas-857510";"857510"
"Jensen";"Gyde";"/abgeordnete/biografien/J/jensen_gyde-857518";"857518"
"Jongen";"Dr. Marc";"/abgeordnete/biografien/J/jongen_marc-857508";"857508"
"Jung";"Andreas";"/abgeordnete/biografien/J/jung_andreas-857502";"857502"
"Jung";"Ingmar";"/abgeordnete/biografien/J/jung_ingmar-857512";"857512"
"Junge";"Frank";"/abgeordnete/biografien/J/junge_frank-857516";"857516"
"Juratovic";"Josip";"/abgeordnete/biografien/J/juratovic_josip-857504";"857504"
"Jurisch";"Dr. Ann-Veruschka";"/abgeordnete/biografien/J/jurisch_ann-860692";"860692"
"Kaczmarek";"Oliver";"/abgeordnete/biografien/K/kaczmarek_oliver-863312";"863312"
"Kaddor";"Lamya";"/abgeordnete/biografien/K/kaddor_lamya-860914";"860914"
"Kaiser";"Elisabeth";"/abgeordnete/biografien/K/kaiser_elisabeth-863132";"863132"
"Kappert-Gonther";"Dr. Kirsten";"/abgeordnete/biografien/…-gonther_kirsten-857550";"857550"
"Karaahmetoğlu";"Macit";"/abgeordnete/biografien/…aahmetoglu_macit-860182";"860182"
"Karliczek";"Anja";"/abgeordnete/biografien/K/karliczek_anja-857544";"857544"
"Kasper";"Carlos";"/abgeordnete/biografien/K/kasper_carlos-861280";"861280"
"Kassautzki";"Anna";"/abgeordnete/biografien/K/kassautzki_anna-860822";"860822"
"Katzmarek";"Gabriele";"/abgeordnete/biografien/…tzmarek_gabriele-857596";"857596"
"Kaufmann";"Dr. Malte";"/abgeordnete/biografien/K/kaufmann_malte-860720";"860720"
"Kaufmann";"Prof. Dr.-Ing. habil. Michael";"/abgeordnete/biografien/K/kaufmann_michael-860722";"860722"
"Keller";"Rainer Johannes";"/abgeordnete/biografien/K/keller_rainer-861916";"861916"
"Kellner";"Michael";"/abgeordnete/biografien/K/kellner_michael-860560";"860560"
"Kemmer";"Ronja";"/abgeordnete/biografien/K/kemmer_ronja-857538";"857538"
"Kersten";"Dr. Franziska";"/abgeordnete/biografien/K/kersten_franziska-861316";"861316"
"Keul";"Katja";"/abgeordnete/biografien/K/keul_katja-857546";"857546"
"Keuter";"Stefan";"/abgeordnete/biografien/K/keuter_stefan-857560";"857560"
"Khan";"Misbah";"/abgeordnete/biografien/K/khan_misbah-861222";"861222"
"Kiesewetter";"Roderich";"/abgeordnete/biografien/…ewetter_roderich-857588";"857588"
"Kießling";"Michael";"/abgeordnete/biografien/K/kiessling_michael-857602";"857602"
"Kindler";"Sven-Christian";"/abgeordnete/biografien/…r_sven_christian-857556";"857556"
"Kippels";"Dr. Georg";"/abgeordnete/biografien/K/kippels_georg-857584";"857584"
"Kipping";"Katja";"/abgeordnete/biografien/K/kipping_katja-857598";"857598"
"Kiziltepe";"Cansel";"/abgeordnete/biografien/K/kiziltepe_cansel-857554";"857554"
"Kleebank";"Helmut";"/abgeordnete/biografien/K/kleebank_helmut-861504";"861504"
"Klein";"Karsten";"/abgeordnete/biografien/K/klein_karsten-857608";"857608"
"Klein";"Dr. Ottilie";"/abgeordnete/biografien/K/klein_ottilie-860522";"860522"
"Klein";"Volkmar";"/abgeordnete/biografien/K/klein_volkmar-857570";"857570"
"Klein-Schmeink";"Maria";"/abgeordnete/biografien/…n_schmeink_maria-857558";"857558"
"Kleinwächter";"Norbert";"/abgeordnete/biografien/…waechter_norbert-857576";"857576"
"Klinck";"Dr. Kristian";"/abgeordnete/biografien/K/klinck_kristian-861384";"861384"
"Klingbeil";"Lars";"/abgeordnete/biografien/K/klingbeil_lars-857600";"857600"
"Klöckner";"Julia";"/abgeordnete/biografien/K/kloeckner_julia-861140";"861140"
"Klose";"Annika";"/abgeordnete/biografien/K/klose_annika-860418";"860418"
"Kluckert";"Daniela";"/abgeordnete/biografien/K/kluckert_daniela-857594";"857594"
"Klüssendorf";"Tim";"/abgeordnete/biografien/K/kluessendorf_tim-861362";"861362"
"Knoerig";"Axel";"/abgeordnete/biografien/K/knoerig_axel-857578";"857578"
"Kober";"Pascal";"/abgeordnete/biografien/K/kober_pascal-857540";"857540"
"Köhler";"Dr. Lukas";"/abgeordnete/biografien/K/koehler_lukas-857606";"857606"
"König";"Anne";"/abgeordnete/biografien/K/koenig_anne-861538";"861538"
"König";"Jörn";"/abgeordnete/biografien/K/koenig_joern-857604";"857604"
"Koeppen";"Jens";"/abgeordnete/biografien/K/koeppen_jens-857548";"857548"
"Körber";"Carsten";"/abgeordnete/biografien/K/koerber_carsten-857574";"857574"
"Kofler";"Dr. Bärbel";"/abgeordnete/biografien/K/kofler_baerbel-857572";"857572"
"Komning";"Enrico";"/abgeordnete/biografien/K/komning_enrico-857566";"857566"
"Konrad";"Carina";"/abgeordnete/biografien/K/konrad_carina-857568";"857568"
"Koob";"Markus";"/abgeordnete/biografien/K/koob_markus-857592";"857592"
"Kopf";"Chantal";"/abgeordnete/biografien/K/kopf_chantal-860140";"860140"
"Korte";"Jan";"/abgeordnete/biografien/K/korte_jan-857580";"857580"
"Koß";"Simona";"/abgeordnete/biografien/K/koss_simona-860480";"860480"
"Kotré";"Steffen";"/abgeordnete/biografien/K/kotre_steffen-857630";"857630"
"Krämer";"Philip";"/abgeordnete/biografien/K/kraemer_philip-860734";"860734"
"Kraft";"Laura";"/abgeordnete/biografien/K/kraft_laura-860960";"860960"
"Kraft";"Dr. Rainer";"/abgeordnete/biografien/K/kraft_rainer-857626";"857626"
"Kramme";"Anette";"/abgeordnete/biografien/K/kramme_anette-857618";"857618"
"Kreiser";"Dunja";"/abgeordnete/biografien/K/kreiser_dunja-860868";"860868"
"Krichbaum";"Gunther";"/abgeordnete/biografien/K/krichbaum_gunther-857620";"857620"
"Krings";"Dr. Günter";"/abgeordnete/biografien/K/krings_guenter-857610";"857610"
"Krischer";"Oliver";"/abgeordnete/biografien/K/krischer_oliver-857624";"857624"
"Kröber";"Martin";"/abgeordnete/biografien/K/kroeber_martin-861314";"861314"
"Kruse";"Michael";"/abgeordnete/biografien/K/kruse_michael-860754";"860754"
"Kuban";"Tilman";"/abgeordnete/biografien/K/kuban_tilman-860800";"860800"
"Kubicki";"Wolfgang";"/abgeordnete/biografien/K/kubicki_wolfgang-857640";"857640"
"Kühn (Tübingen)";"Christian";"/abgeordnete/biografien/K/kuehn_christian-857612";"857612"
"Kühnert";"Kevin";"/abgeordnete/biografien/K/kuehnert_kevin-860416";"860416"
"Künast";"Renate";"/abgeordnete/biografien/K/kuenast_renate-857614";"857614"
"Kuhle";"Konstantin";"/abgeordnete/biografien/K/kuhle_konstantin-857616";"857616"
"Kurth";"Markus";"/abgeordnete/biografien/K/kurth_markus-857638";"857638"
"Lahrkamp";"Sarah";"/abgeordnete/biografien/L/lahrkamp_sarah-860984";"860984"
"Lambsdorff";"Alexander Graf";"/abgeordnete/biografien/…sdorff_alexander-857686";"857686"
"Lang";"Ricarda";"/abgeordnete/biografien/L/lang_ricarda-860132";"860132"
"Lange";"Ulrich";"/abgeordnete/biografien/L/lange_ulrich-863316";"863316"
"Larem";"Andreas";"/abgeordnete/biografien/L/larem_andreas-860644";"860644"
"Laschet";"Armin";"/abgeordnete/biografien/L/laschet_armin-860940";"860940"
"Latendorf";"Ina";"/abgeordnete/biografien/L/latendorf_ina-860778";"860778"
"Launert";"Dr. Silke";"/abgeordnete/biografien/L/launert_silke-857690";"857690"
"Lauterbach";"Prof. Dr. Karl";"/abgeordnete/biografien/L/lauterbach_karl-857696";"857696"
"Lay";"Caren";"/abgeordnete/biografien/L/lay_caren-857654";"857654"
"Lechte";"Ulrich";"/abgeordnete/biografien/L/lechte_ulrich-857684";"857684"
"Lehmann";"Jens";"/abgeordnete/biografien/L/lehmann_jens-857694";"857694"
"Lehmann";"Sven";"/abgeordnete/biografien/L/lehmann_sven-857664";"857664"
"Lehmann";"Sylvia";"/abgeordnete/biografien/L/lehmann_sylvia-857668";"857668"
"Lehrieder";"Paul";"/abgeordnete/biografien/L/lehrieder_paul-857676";"857676"
"Leikert";"Dr. Katja";"/abgeordnete/biografien/L/leikert_katja-857650";"857650"
"Leiser";"Kevin";"/abgeordnete/biografien/L/leiser_kevin-860222";"860222"
"Lemke";"Steffi";"/abgeordnete/biografien/L/lemke_steffi-857674";"857674"
"Lenders";"Jürgen";"/abgeordnete/biografien/L/lenders_juergen-860780";"860780"
"Lenk";"Barbara";"/abgeordnete/biografien/L/lenk_barbara-860782";"860782"
"Lenkert";"Ralph";"/abgeordnete/biografien/L/lenkert_ralph-857698";"857698"
"Lenz";"Dr. Andreas";"/abgeordnete/biografien/L/lenz_andreas-857656";"857656"
"Leye";"Christian";"/abgeordnete/biografien/L/leye_christian-860784";"860784"
"Licina-Bode";"Luiza";"/abgeordnete/biografien/L/licina_bode_luiza-861002";"861002"
"Lieb";"Dr. Thorsten";"/abgeordnete/biografien/L/lieb_thorsten-860786";"860786"
"Liebert";"Anja";"/abgeordnete/biografien/L/liebert_anja-861930";"861930"
"Limbacher";"Esra";"/abgeordnete/biografien/L/limbacher_esra-861252";"861252"
"Limburg";"Helge";"/abgeordnete/biografien/L/limburg_helge-860820";"860820"
"Lindemann";"Lars";"/abgeordnete/biografien/L/lindemann_lars-860788";"860788"
"Lindh";"Helge";"/abgeordnete/biografien/L/lindh_helge-857648";"857648"
"Lindholz";"Andrea";"/abgeordnete/biografien/L/lindholz_andrea-857700";"857700"
"Lindner";"Christian";"/abgeordnete/biografien/L/lindner_christian-857658";"857658"
"Lindner";"Dr. Tobias";"/abgeordnete/biografien/L/lindner_tobias-857672";"857672"
"Link";"Michael Georg";"/abgeordnete/biografien/L/link_michael-857678";"857678"
"Linnemann";"Dr. Carsten";"/abgeordnete/biografien/L/linnemann_carsten-857688";"857688"
"Lips";"Patricia";"/abgeordnete/biografien/L/lips_patricia-857666";"857666"
"Lötzsch";"Dr. Gesine";"/abgeordnete/biografien/L/loetzsch_gesine-857662";"857662"
"Loop";"Denise";"/abgeordnete/biografien/L/loop_denise-861324";"861324"
"Loos";"Bernhard";"/abgeordnete/biografien/L/loos_bernhard-857680";"857680"
"Lucassen";"Rüdiger";"/abgeordnete/biografien/L/lucassen_ruediger-857652";"857652"
"Lucks";"Max";"/abgeordnete/biografien/L/lucks_max-860924";"860924"
"Luczak";"Dr. Jan-Marco";"/abgeordnete/biografien/L/luczak_jan_marco-857670";"857670"
"Ludwig";"Daniela";"/abgeordnete/biografien/L/ludwig_daniela-857682";"857682"
"Lührmann";"Dr. Anna";"/abgeordnete/biografien/L/luehrmann_anna-860732";"860732"
"Lütke";"Kristine";"/abgeordnete/biografien/L/luetke_kristine-860764";"860764"
"Lugk";"Bettina";"/abgeordnete/biografien/L/lugk_bettina-860978";"860978"
"Luksic";"Oliver";"/abgeordnete/biografien/L/luksic_oliver-857702";"857702"
"Lutze";"Thomas";"/abgeordnete/biografien/L/lutze_thomas-857660";"857660"
"Maas";"Heiko";"/abgeordnete/biografien/M/maas_heiko-857754";"857754"
"Machalet";"Dr. Tanja";"/abgeordnete/biografien/M/machalet_tanja-861182";"861182"
"Mack";"Klaus";"/abgeordnete/biografien/M/mack_klaus-861554";"861554"
"Mackensen-Geis";"Isabel";"/abgeordnete/biografien/…nsen-geis_isabel-857764";"857764"
"Magwas";"Yvonne";"/abgeordnete/biografien/M/magwas_yvonne-857746";"857746"
"Malottki";"Erik von";"/abgeordnete/biografien/M/malottki_erik-860824";"860824"
"Mann";"Holger";"/abgeordnete/biografien/M/mann_holger-861268";"861268"
"Mansmann";"Till";"/abgeordnete/biografien/M/mansmann_till-857714";"857714"
"Mansoori";"Kaweh";"/abgeordnete/biografien/M/mansoori_kaweh-860624";"860624"
"Martens";"Dr. Zanda";"/abgeordnete/biografien/M/martens_zanda-860992";"860992"
"Martin";"Dorothee";"/abgeordnete/biografien/M/martin_dorothee-857706";"857706"
"Marvi";"Parsa";"/abgeordnete/biografien/M/marvi_parsa-860158";"860158"
"Mascheck";"Franziska";"/abgeordnete/biografien/…scheck_franziska-861710";"861710"
"Mast";"Katja";"/abgeordnete/biografien/M/mast_katja-857756";"857756"
"Mattfeldt";"Andreas";"/abgeordnete/biografien/M/mattfeldt_andreas-857716";"857716"
"Mayer (Altötting)";"Stephan";"/abgeordnete/biografien/M/mayer_stephan-857710";"857710"
"Mayer";"Zoe";"/abgeordnete/biografien/M/mayer_zoe-860136";"860136"
"Mayer-Lay";"Volker";"/abgeordnete/biografien/M/mayer_lay_volker-861536";"861536"
"Mehltretter";"Andreas";"/abgeordnete/biografien/…ltretter_andreas-860282";"860282"
"Mehmet Ali";"Takis";"/abgeordnete/biografien/M/mehmet_ali_takis-860230";"860230"
"Meiser";"Pascal";"/abgeordnete/biografien/M/meiser_pascal-857732";"857732"
"Meister";"Dr. Michael";"/abgeordnete/biografien/…michael_guenther-857742";"857742"
"Menge";"Susanne";"/abgeordnete/biografien/M/menge_susanne-860842";"860842"
"Merten";"Anikó";"/abgeordnete/biografien/M/merten_aniko-860896";"860896"
"Merz";"Friedrich";"/abgeordnete/biografien/M/merz_friedrich-861648";"861648"
"Mesarosch";"Robin";"/abgeordnete/biografien/M/mesarosch_robin-860198";"860198"
"Metzler";"Jan";"/abgeordnete/biografien/M/metzler_jan-857736";"857736"
"Meyer";"Christoph";"/abgeordnete/biografien/M/meyer_christoph-857758";"857758"
"Miazga";"Corinna";"/abgeordnete/biografien/M/miazga_corinna-857734";"857734"
"Michaelsen";"Swantje Henrike";"/abgeordnete/biografien/…chaelsen_swantje-860836";"860836"
"Michel";"Kathrin";"/abgeordnete/biografien/M/michel_kathrin-861270";"861270"
"Middelberg";"Dr. Mathias";"/abgeordnete/biografien/…ddelberg_mathias-857718";"857718"
"Miersch";"Dr. Matthias";"/abgeordnete/biografien/M/miersch_matthias-857728";"857728"
"Mieves";"Matthias David";"/abgeordnete/biografien/M/mieves_matthias-861194";"861194"
"Mihalic";"Dr. Irene";"/abgeordnete/biografien/M/mihalic_irene-857750";"857750"
"Mijatović";"Boris";"/abgeordnete/biografien/M/mijatovic_boris-860738";"860738"
"Mittag";"Susanne";"/abgeordnete/biografien/M/mittag_susanne-857748";"857748"
"Möhring";"Cornelia";"/abgeordnete/biografien/M/moehring_cornelia-857724";"857724"
"Möller";"Siemtje";"/abgeordnete/biografien/M/moeller_siemtje-857744";"857744"
"Mörseburg";"Maximilian";"/abgeordnete/biografien/…eburg_maximilian-861900";"861900"
"Mohamed Ali";"Amira";"/abgeordnete/biografien/M/mohamed_ali_amira-857720";"857720"
"Mohrs";"Falko";"/abgeordnete/biografien/M/mohrs_falko-857730";"857730"
"Moll";"Claudia";"/abgeordnete/biografien/M/moll_claudia-857752";"857752"
"Moncsek";"Mike";"/abgeordnete/biografien/M/moncsek_mike-860898";"860898"
"Monstadt";"Dietrich";"/abgeordnete/biografien/M/monstadt_dietrich-857762";"857762"
"Moosdorf";"Matthias";"/abgeordnete/biografien/M/moosdorf_matthias-863320";"863320"
"Mordhorst";"Maximilian";"/abgeordnete/biografien/…horst_maximilian-860900";"860900"
"Müller";"Alexander";"/abgeordnete/biografien/M/mueller_alexander-857774";"857774"
"Müller";"Axel";"/abgeordnete/biografien/M/mueller_axel-857788";"857788"
"Müller";"Bettina";"/abgeordnete/biografien/M/mueller_bettina-857768";"857768"
"Müller (Braunschweig)";"Carsten";"/abgeordnete/biografien/M/mueller_carsten-857782";"857782"
"Müller";"Claudia";"/abgeordnete/biografien/M/mueller_claudia-857790";"857790"
"Müller (Chemnitz)";"Detlef";"/abgeordnete/biografien/M/mueller_detlef-857770";"857770"
"Müller";"Florian";"/abgeordnete/biografien/M/mueller_florian-861766";"861766"
"Müller";"Michael";"/abgeordnete/biografien/M/mueller_michael-860414";"860414"
"Müller";"Sascha";"/abgeordnete/biografien/M/mueller_sascha-860318";"860318"
"Müller";"Sepp";"/abgeordnete/biografien/M/mueller_sepp-857766";"857766"
"Müller (Erlangen)";"Stefan";"/abgeordnete/biografien/M/mueller_stefan-857778";"857778"
"Müller-Gemmeke";"Beate";"/abgeordnete/biografien/…er-gemmeke_beate-857794";"857794"
"Müller-Rosentritt";"Frank";"/abgeordnete/biografien/…rosentritt_frank-857786";"857786"
"Müntefering";"Michelle";"/abgeordnete/biografien/…efering_michelle-857780";"857780"
"Münzenmaier";"Sebastian";"/abgeordnete/biografien/…nmaier_sebastian-857784";"857784"
"Mützenich";"Dr. Rolf";"/abgeordnete/biografien/M/muetzenich_rolf-857772";"857772"
"Nacke";"Dr. Stefan";"/abgeordnete/biografien/N/nacke_stefan-860956";"860956"
"Nanni";"Sara";"/abgeordnete/biografien/N/nanni_sara-860928";"860928"
"Nasr";"Rasha";"/abgeordnete/biografien/N/nasr_rasha-861278";"861278"
"Nastic";"Zaklin";"/abgeordnete/biografien/N/nastic_zaklin-857806";"857806"
"Naujok";"Edgar";"/abgeordnete/biografien/N/naujok_edgar-863324";"863324"
"Nestle";"Dr. Ingrid";"/abgeordnete/biografien/N/nestle_ingrid-857804";"857804"
"Nick";"Dr. Ophelia";"/abgeordnete/biografien/N/nick_ophelia-860916";"860916"
"Nickholz";"Brian";"/abgeordnete/biografien/N/nickholz_brian-861098";"861098"
"Nicolaisen";"Petra";"/abgeordnete/biografien/N/nicolaisen_petra-857808";"857808"
"Nietan";"Dietmar";"/abgeordnete/biografien/N/nietan_dietmar-857810";"857810"
"Nolte";"Jan Ralf";"/abgeordnete/biografien/N/nolte_jan-857798";"857798"
"Notz";"Dr. Konstantin von";"/abgeordnete/biografien/N/notz_konstantin-857802";"857802"
"Nouripour";"Omid";"/abgeordnete/biografien/N/nouripour_omid-857814";"857814"
"Nürnberger";"Jörg";"/abgeordnete/biografien/N/nuernberger_joerg-860288";"860288"
"Oehl";"Lennard";"/abgeordnete/biografien/O/oehl_lennard-861610";"861610"
"Oellers";"Wilfried";"/abgeordnete/biografien/O/oellers_wilfried-857818";"857818"
"Özdemir";"Cem";"/abgeordnete/biografien/O/oezdemir_cem-857832";"857832"
"Özdemir (Duisburg)";"Mahmut";"/abgeordnete/biografien/O/oezdemir_mahmut-857826";"857826"
"Özoğuz";"Aydan";"/abgeordnete/biografien/O/oezoguz_aydan-857820";"857820"
"Oppelt";"Moritz";"/abgeordnete/biografien/O/oppelt_moritz-861820";"861820"
"Ortleb";"Josephine";"/abgeordnete/biografien/O/ortleb_josephine-857828";"857828"
"Oßner";"Florian";"/abgeordnete/biografien/O/ossner_florian-857822";"857822"
"Oster";"Josef";"/abgeordnete/biografien/O/oster_josef-857816";"857816"
"Otte";"Henning";"/abgeordnete/biografien/O/otte_henning-857830";"857830"
"Otte";"Karoline";"/abgeordnete/biografien/O/otte_karoline-860832";"860832"
"Otten";"Gerold";"/abgeordnete/biografien/O/otten_gerold-857834";"857834"
"Pahlke";"Julian";"/abgeordnete/biografien/P/pahlke_julian-860840";"860840"
"Pantazis";"Dr. Christos";"/abgeordnete/biografien/P/pantazis_christos-860892";"860892"
"Papenbrock";"Wiebke";"/abgeordnete/biografien/P/papenbrock_wiebke-860488";"860488"
"Papendieck";"Mathias";"/abgeordnete/biografien/…pendieck_mathias-860472";"860472"
"Pau";"Petra";"/abgeordnete/biografien/P/pau_petra-857870";"857870"
"Paus";"Lisa";"/abgeordnete/biografien/P/paus_lisa-857850";"857850"
"Pawlik";"Natalie";"/abgeordnete/biografien/P/pawlik_natalie-860626";"860626"
"Peick";"Jens";"/abgeordnete/biografien/P/peick_jens-861118";"861118"
"Pellmann";"Sören";"/abgeordnete/biografien/P/pellmann_soeren-857858";"857858"
"Perli";"Victor";"/abgeordnete/biografien/P/perli_victor-857872";"857872"
"Peterka";"Tobias Matthias";"/abgeordnete/biografien/P/peterka_tobias-857866";"857866"
"Petry";"Christian";"/abgeordnete/biografien/P/petry_christian-863314";"863314"
"Philippi";"Dr. Andreas";"/abgeordnete/biografien/P/philippi_andreas-860874";"860874"
"Piechotta";"Dr. med. Paula";"/abgeordnete/biografien/P/piechotta_paula-861256";"861256"
"Pilsinger";"Stephan";"/abgeordnete/biografien/P/pilsinger_stephan-857848";"857848"
"Plobner";"Jan";"/abgeordnete/biografien/P/plobner_jan-860306";"860306"
"Ploß";"Dr. Christoph";"/abgeordnete/biografien/P/ploss_christoph-857842";"857842"
"Plum";"Dr. Martin";"/abgeordnete/biografien/P/plum_martin-861042";"861042"
"Pohl";"Jürgen";"/abgeordnete/biografien/P/pohl_juergen-857846";"857846"
"Polat";"Filiz";"/abgeordnete/biografien/P/polat_filiz-857860";"857860"
"Poschmann";"Sabine";"/abgeordnete/biografien/P/poschmann_sabine-857864";"857864"
"Post (Minden)";"Achim";"/abgeordnete/biografien/P/post_achim-857844";"857844"
"Protschka";"Stephan";"/abgeordnete/biografien/P/protschka_stephan-857868";"857868"
"Rachel";"Thomas";"/abgeordnete/biografien/R/rachel_thomas-857924";"857924"
"Radomski";"Kerstin";"/abgeordnete/biografien/R/radomski_kerstin-857880";"857880"
"Radwan";"Alexander";"/abgeordnete/biografien/R/radwan_alexander-857896";"857896"
"Raffelhüschen";"Claudia";"/abgeordnete/biografien/…hueschen_claudia-866132";"866132"
"Rainer";"Alois";"/abgeordnete/biografien/R/rainer_alois-857914";"857914"
"Ramsauer";"Dr. Peter";"/abgeordnete/biografien/R/ramsauer_peter-857876";"857876"
"Redder";"Dr. Volker";"/abgeordnete/biografien/R/redder_volker-861060";"861060"
"Rehbaum";"Henning";"/abgeordnete/biografien/R/rehbaum_henning-861928";"861928"
"Reichardt";"Martin";"/abgeordnete/biografien/R/reichardt_martin-857894";"857894"
"Reichel";"Dr. Markus";"/abgeordnete/biografien/R/reichel_markus-861274";"861274"
"Reichinnek";"Heidi";"/abgeordnete/biografien/R/reichinnek_heidi-861074";"861074"
"Reinalter";"Prof. Dr. Anja";"/abgeordnete/biografien/R/reinalter_anja-860176";"860176"
"Reinhold";"Hagen";"/abgeordnete/biografien/R/reinhold_hagen-857902";"857902"
"Renner";"Martin Erwin";"/abgeordnete/biografien/R/renner_martin-857898";"857898"
"Renner";"Martina";"/abgeordnete/biografien/R/renner_martina-857908";"857908"
"Reuther";"Bernd";"/abgeordnete/biografien/R/reuther_bernd-857906";"857906"
"Rhie";"Ye-One";"/abgeordnete/biografien/R/rhie_ye-860996";"860996"
"Rief";"Josef";"/abgeordnete/biografien/R/rief_josef-857912";"857912"
"Riexinger";"Bernd";"/abgeordnete/biografien/R/riexinger_bernd-857886";"857886"
"Rimkus";"Andreas";"/abgeordnete/biografien/R/rimkus_andreas-857900";"857900"
"Rinck";"Frank";"/abgeordnete/biografien/R/rinck_frank-861108";"861108"
"Rix";"Sönke";"/abgeordnete/biografien/R/rix_soenke-857882";"857882"
"Rößner";"Tabea";"/abgeordnete/biografien/R/roessner_tabea-857920";"857920"
"Röttgen";"Dr. Norbert";"/abgeordnete/biografien/R/roettgen_norbert-857928";"857928"
"Röwekamp";"Thomas";"/abgeordnete/biografien/R/roewekamp_thomas-860556";"860556"
"Rohde";"Dennis";"/abgeordnete/biografien/R/rohde_dennis-857890";"857890"
"Rohwer";"Lars";"/abgeordnete/biografien/R/rohwer_lars-861562";"861562"
"Roloff";"Sebastian";"/abgeordnete/biografien/R/roloff_sebastian-860266";"860266"
"Rosemann";"Dr. Martin";"/abgeordnete/biografien/R/rosemann_martin-857926";"857926"
"Rosenthal";"Jessica";"/abgeordnete/biografien/R/rosenthal_jessica-860982";"860982"
"Roth (Augsburg)";"Claudia";"/abgeordnete/biografien/R/roth_claudia-857916";"857916"
"Roth (Heringen)";"Michael";"/abgeordnete/biografien/R/roth_michael-857922";"857922"
"Rottmann";"Dr. Manuela";"/abgeordnete/biografien/R/rottmann_manuela-857878";"857878"
"Rouenhoff";"Stefan";"/abgeordnete/biografien/R/rouenhoff_stefan-857892";"857892"
"Rudolph";"Dr. Thorsten";"/abgeordnete/biografien/R/rudolph_thorsten-861184";"861184"
"Rudolph";"Tina";"/abgeordnete/biografien/R/rudolph_tina-861438";"861438"
"Rüddel";"Erwin";"/abgeordnete/biografien/R/rueddel_erwin-857930";"857930"
"Rüffer";"Corinna";"/abgeordnete/biografien/R/rueffer_corinna-857888";"857888"
"Rützel";"Bernd";"/abgeordnete/biografien/R/ruetzel_bernd-857910";"857910"
"Rupprecht";"Albert";"/abgeordnete/biografien/R/rupprecht_albert-857884";"857884"
"Ryglewski";"Sarah";"/abgeordnete/biografien/R/ryglewski_sarah-857904";"857904"
"Saathoff";"Johann";"/abgeordnete/biografien/S/saathoff_johann-857972";"857972"
"Saleh";"Kassem Taher";"/abgeordnete/biografien/S/saleh_kassem-861262";"861262"
"Santos Firnhaber";"Catarina dos";"/abgeordnete/biografien/…rnhaber_catarina-860952";"860952"
"Sattelberger";"Dr. h. c. Thomas";"/abgeordnete/biografien/…telberger_thomas-863128";"863128"
"Sauter";"Christian";"/abgeordnete/biografien/S/sauter_christian-857932";"857932"
"Schäfer (Bochum)";"Axel";"/abgeordnete/biografien/S/schaefer_axel-857946";"857946"
"Schäfer";"Ingo";"/abgeordnete/biografien/S/schaefer_ingo-861050";"861050"
"Schäfer";"Jamila";"/abgeordnete/biografien/S/schaefer_jamila-860330";"860330"
"Schäfer";"Dr. Sebastian";"/abgeordnete/biografien/…haefer_sebastian-860174";"860174"
"Schäffler";"Frank";"/abgeordnete/biografien/S/schaeffler_frank-857952";"857952"
"Schätzl";"Johannes";"/abgeordnete/biografien/S/schaetzl_johannes-860286";"860286"
"Schäuble";"Dr. Wolfgang";"/abgeordnete/biografien/…haeuble_wolfgang-857936";"857936"
"Schamber";"Rebecca";"/abgeordnete/biografien/S/schamber_rebecca-860884";"860884"
"Schattner";"Bernd";"/abgeordnete/biografien/S/schattner_bernd-861158";"861158"
"Schauws";"Ulle";"/abgeordnete/biografien/S/schauws_ursula-857942";"857942"
"Scheer";"Dr. Nina";"/abgeordnete/biografien/S/scheer_nina-857962";"857962"
"Schenderlein";"Dr. Christiane";"/abgeordnete/biografien/…rlein_christiane-861272";"861272"
"Scheuer";"Andreas";"/abgeordnete/biografien/S/scheuer_andreas-857964";"857964"
"Schieder";"Marianne";"/abgeordnete/biografien/S/schieder_marianne-857968";"857968"
"Schiefner";"Udo";"/abgeordnete/biografien/S/schiefner_udo-857940";"857940"
"Schielke-Ziesing";"Ulrike";"/abgeordnete/biografien/…e_ziesing_ulrike-857954";"857954"
"Schierenbeck";"Peggy";"/abgeordnete/biografien/…hierenbeck_peggy-860880";"860880"
"Schimke";"Jana";"/abgeordnete/biografien/S/schimke_jana-857976";"857976"
"Schisanowski";"Timo";"/abgeordnete/biografien/S/schisanowski_timo-861110";"861110"
"Schmid";"Christoph";"/abgeordnete/biografien/S/schmid_christoph-860280";"860280"
"Schmid";"Dr. Nils";"/abgeordnete/biografien/S/schmid_nils-857958";"857958"
"Schmidt (Wetzlar)";"Dagmar";"/abgeordnete/biografien/S/schmidt_dagmar-857966";"857966"
"Schmidt";"Eugen";"/abgeordnete/biografien/S/schmidt_eugen-861178";"861178"
"Schmidt";"Jan Wenzel";"/abgeordnete/biografien/S/schmidt_jan-861180";"861180"
"Schmidt";"Stefan";"/abgeordnete/biografien/S/schmidt_stefan-857950";"857950"
"Schmidt";"Uwe";"/abgeordnete/biografien/S/schmidt_uwe-857938";"857938"
"Schneider (Erfurt)";"Carsten";"/abgeordnete/biografien/S/schneider_carsten-857990";"857990"
"Schneider";"Daniel";"/abgeordnete/biografien/S/schneider_daniel-860886";"860886"
"Schneider";"Jörg";"/abgeordnete/biografien/S/schneider_joerg-858002";"858002"
"Schnieder";"Patrick";"/abgeordnete/biografien/S/schnieder_patrick-857992";"857992"
"Schön";"Nadine";"/abgeordnete/biografien/S/schoen_nadine-858006";"858006"
"Schönberger";"Marlene";"/abgeordnete/biografien/…enberger_marlene-860342";"860342"
"Scholz";"Olaf";"/abgeordnete/biografien/S/scholz_olaf-860468";"860468"
"Schraps";"Johannes";"/abgeordnete/biografien/S/schraps_johannes-857996";"857996"
"Schreider";"Christian";"/abgeordnete/biografien/…reider_christian-861204";"861204"
"Schreiner";"Felix";"/abgeordnete/biografien/S/schreiner_felix-857978";"857978"
"Schrodi";"Michael";"/abgeordnete/biografien/S/schrodi_michael-857998";"857998"
"Schröder";"Christina-Johanne";"/abgeordnete/biografien/…roeder_christina-860816";"860816"
"Schröder";"Ria";"/abgeordnete/biografien/S/schroeder_ria-861210";"861210"
"Schulz";"Anja";"/abgeordnete/biografien/S/schulz_anja-861214";"861214"
"Schulz";"Uwe";"/abgeordnete/biografien/S/schulz_uwe-857986";"857986"
"Schulz-Asche";"Kordula";"/abgeordnete/biografien/…lz-asche_kordula-858004";"858004"
"Schulze";"Svenja";"/abgeordnete/biografien/S/schulze_svenja-860968";"860968"
"Schwabe";"Frank";"/abgeordnete/biografien/S/schwabe_frank-857980";"857980"
"Schwartze";"Stefan";"/abgeordnete/biografien/S/schwartze_stefan-857984";"857984"
"Schwarz";"Andreas";"/abgeordnete/biografien/S/schwarz_andreas-857988";"857988"
"Schwarz";"Armin";"/abgeordnete/biografien/S/schwarz_armin-860632";"860632"
"Schwarzelühr-Sutter";"Rita";"/abgeordnete/biografien/…uehr-sutter_rita-857994";"857994"
"Seestern-Pauly";"Matthias";"/abgeordnete/biografien/…n_pauly_matthias-858010";"858010"
"Seidler";"Stefan";"/abgeordnete/biografien/S/seidler_stefan-863288";"863288"
"Seif";"Detlef";"/abgeordnete/biografien/S/seif_detlef-858062";"858062"
"Seiter";"Prof. Dr. Stephan";"/abgeordnete/biografien/S/seiter_stephan-861238";"861238"
"Seitz";"Thomas";"/abgeordnete/biografien/S/seitz_thomas-858072";"858072"
"Seitzl";"Dr. Lina";"/abgeordnete/biografien/S/seitzl_lina-860184";"860184"
"Sekmen";"Melis";"/abgeordnete/biografien/S/sekmen_melis-860156";"860156"
"Semet";"Rainer";"/abgeordnete/biografien/S/semet_rainer-861240";"861240"
"Sichert";"Martin";"/abgeordnete/biografien/S/sichert_martin-858038";"858038"
"Silberhorn";"Thomas";"/abgeordnete/biografien/S/silberhorn_thomas-858036";"858036"
"Simon";"Björn";"/abgeordnete/biografien/S/simon_bjoern-858050";"858050"
"Sitte";"Dr. Petra";"/abgeordnete/biografien/S/sitte_petra-858018";"858018"
"Skudelny";"Judith";"/abgeordnete/biografien/S/skudelny_judith-858020";"858020"
"Slawik";"Nyke";"/abgeordnete/biografien/S/slawik_nyke-860910";"860910"
"Sorge";"Tino";"/abgeordnete/biografien/S/sorge_tino-858066";"858066"
"Spahn";"Jens";"/abgeordnete/biografien/S/spahn_jens-858012";"858012"
"Spallek";"Dr. Anne Monika";"/abgeordnete/biografien/S/spallek_anne-860938";"860938"
"Spaniel";"Dr. Dirk";"/abgeordnete/biografien/S/spaniel_dirk-858024";"858024"
"Spellerberg";"Merle";"/abgeordnete/biografien/S/spellerberg_merle-861260";"861260"
"Springer";"René";"/abgeordnete/biografien/S/springer_rene-858058";"858058"
"Stadler";"Svenja";"/abgeordnete/biografien/S/stadler_svenja-858016";"858016"
"Staffler";"Katrin";"/abgeordnete/biografien/S/staffler_katrin-858030";"858030"
"Stahr";"Nina";"/abgeordnete/biografien/S/stahr_nina-860498";"860498"
"Stamm-Fibich";"Martina";"/abgeordnete/biografien/…m-fibich_martina-858054";"858054"
"Stark-Watzinger";"Bettina";"/abgeordnete/biografien/…atzinger_bettina-858076";"858076"
"Steffen";"Dr. Till";"/abgeordnete/biografien/S/steffen_till-860702";"860702"
"Stefinger";"Dr. Wolfgang";"/abgeordnete/biografien/…efinger_wolfgang-858064";"858064"
"Stegemann";"Albert";"/abgeordnete/biografien/S/stegemann_albert-858074";"858074"
"Stegner";"Dr. Ralf";"/abgeordnete/biografien/S/stegner_ralf-861352";"861352"
"Stein";"Mathias";"/abgeordnete/biografien/S/stein_mathias-858042";"858042"
"Steiniger";"Johannes";"/abgeordnete/biografien/…einiger_johannes-858032";"858032"
"Steinmüller";"Hanna";"/abgeordnete/biografien/…einmueller_hanna-860510";"860510"
"Stetten";"Christian Freiherr von";"/abgeordnete/biografien/S/stetten_christian-858026";"858026"
"Sthamer";"Nadja";"/abgeordnete/biografien/S/sthamer_nadja-861288";"861288"
"Stier";"Dieter";"/abgeordnete/biografien/S/stier_dieter-858052";"858052"
"Stockmeier";"Konrad";"/abgeordnete/biografien/S/stockmeier_konrad-861292";"861292"
"Stöber";"Klaus";"/abgeordnete/biografien/S/stoeber_klaus-863310";"863310"
"Stöcker";"Diana";"/abgeordnete/biografien/S/stoecker_diana-861664";"861664"
"Storch";"Beatrix von";"/abgeordnete/biografien/S/storch_beatrix-858070";"858070"
"Storjohann";"Gero";"/abgeordnete/biografien/S/storjohann_gero-858014";"858014"
"Strack-Zimmermann";"Dr. Marie-Agnes";"/abgeordnete/biografien/…zimmermann_marie-858040";"858040"
"Stracke";"Stephan";"/abgeordnete/biografien/S/stracke_stephan-858034";"858034"
"Strasser";"Benjamin";"/abgeordnete/biografien/S/strasser_benjamin-858068";"858068"
"Straubinger";"Max";"/abgeordnete/biografien/S/straubinger_max-858078";"858078"
"Strengmann-Kuhn";"Dr. Wolfgang";"/abgeordnete/biografien/…nn_kuhn_wolfgang-858022";"858022"
"Stüwe";"Ruppert";"/abgeordnete/biografien/S/stuewe_ruppert-860420";"860420"
"Stumpp";"Christina";"/abgeordnete/biografien/S/stumpp_christina-861926";"861926"
"Tatti";"Jessica";"/abgeordnete/biografien/T/tatti_jessica-858092";"858092"
"Tausend";"Claudia";"/abgeordnete/biografien/T/tausend_claudia-858110";"858110"
"Tebroke";"Dr. Hermann-Josef";"/abgeordnete/biografien/T/tebroke_hermann-858098";"858098"
"Tesfaiesus";"Awet";"/abgeordnete/biografien/T/tesfaiesus_awet-860740";"860740"
"Teuteberg";"Linda";"/abgeordnete/biografien/T/teuteberg_linda-858100";"858100"
"Teutrine";"Jens";"/abgeordnete/biografien/T/teutrine_jens-861326";"861326"
"Theurer";"Michael";"/abgeordnete/biografien/T/theurer_michael-858104";"858104"
"Thews";"Michael";"/abgeordnete/biografien/T/thews_michael-858084";"858084"
"Thies";"Hans-Jürgen";"/abgeordnete/biografien/T/thies_hans-858094";"858094"
"Thomae";"Stephan";"/abgeordnete/biografien/T/thomae_stephan-858080";"858080"
"Throm";"Alexander";"/abgeordnete/biografien/T/throm_alexander-858106";"858106"
"Tillmann";"Antje";"/abgeordnete/biografien/T/tillmann_antje-858090";"858090"
"Timmermann-Fechter";"Astrid";"/abgeordnete/biografien/…n_fechter_astrid-860944";"860944"
"Tippelt";"Nico";"/abgeordnete/biografien/T/tippelt_nico-861350";"861350"
"Todtenhausen";"Manfred";"/abgeordnete/biografien/…enhausen_manfred-858086";"858086"
"Töns";"Markus";"/abgeordnete/biografien/T/toens_markus-858096";"858096"
"Toncar";"Dr. Florian";"/abgeordnete/biografien/T/toncar_florian-858102";"858102"
"Träger";"Carsten";"/abgeordnete/biografien/T/traeger_carsten-858082";"858082"
"Trittin";"Jürgen";"/abgeordnete/biografien/T/trittin_juergen-858108";"858108"
"Troff-Schaffarzyk";"Anja";"/abgeordnete/biografien/…schaffarzyk_anja-860870";"860870"
"Türk-Nachbaur";"Derya";"/abgeordnete/biografien/…k_nachbaur_derya-860206";"860206"
"Uhl";"Markus";"/abgeordnete/biografien/U/uhl_markus-858112";"858112"
"Uhlig";"Katrin";"/abgeordnete/biografien/U/uhlig_katrin-860926";"860926"
"Ullmann";"Prof. Dr. Andrew";"/abgeordnete/biografien/U/ullmann_andrew-858114";"858114"
"Ullrich";"Frank";"/abgeordnete/biografien/U/ullrich_frank-861430";"861430"
"Ullrich";"Gerald";"/abgeordnete/biografien/U/ullrich_gerald-858118";"858118"
"Ullrich";"Dr. Volker";"/abgeordnete/biografien/U/ullrich_volker-858120";"858120"
"Ulrich";"Alexander";"/abgeordnete/biografien/U/ulrich_alexander-858116";"858116"
"Verlinden";"Dr. Julia";"/abgeordnete/biografien/V/verlinden_julia-858122";"858122"
"Vieregge";"Kerstin";"/abgeordnete/biografien/V/vieregge_kerstin-858126";"858126"
"Völlers";"Marja-Liisa";"/abgeordnete/biografien/V/voellers_marja-858132";"858132"
"Vöpel";"Dirk";"/abgeordnete/biografien/V/voepel_dirk-858128";"858128"
"Vogel";"Johannes";"/abgeordnete/biografien/V/vogel_johannes-858134";"858134"
"Vogler";"Kathrin";"/abgeordnete/biografien/V/vogler_kathrin-858124";"858124"
"Vogt";"Dr. Oliver";"/abgeordnete/biografien/V/vogt_oliver-860962";"860962"
"Vries";"Christoph de";"/abgeordnete/biografien/V/vries_christoph-858136";"858136"
"Wadephul";"Dr. Johann David";"/abgeordnete/biografien/…hul_johann_david-858166";"858166"
"Wagener";"Niklas";"/abgeordnete/biografien/W/wagener_niklas-860340";"860340"
"Wagener";"Robin";"/abgeordnete/biografien/W/wagener_robin-860908";"860908"
"Wagenknecht";"Dr. Sahra";"/abgeordnete/biografien/W/wagenknecht_sahra-858202";"858202"
"Wagner";"Dr. Carolin";"/abgeordnete/biografien/W/wagner_carolin-860296";"860296"
"Wagner";"Johannes";"/abgeordnete/biografien/W/wagner_johannes-860346";"860346"
"Wallstein";"Maja";"/abgeordnete/biografien/W/wallstein_maja-860470";"860470"
"Walter";"Hannes";"/abgeordnete/biografien/W/walter_hannes-860478";"860478"
"Walter-Rosenheimer";"Beate";"/abgeordnete/biografien/…osenheimer_beate-858152";"858152"
"Wanderwitz";"Marco";"/abgeordnete/biografien/W/wanderwitz_marco-858160";"858160"
"Warken";"Nina";"/abgeordnete/biografien/W/warken_nina-858188";"858188"
"Weeser";"Sandra";"/abgeordnete/biografien/W/weeser_sandra-858156";"858156"
"Wegge";"Carmen";"/abgeordnete/biografien/W/wegge_carmen-860290";"860290"
"Wegling";"Melanie";"/abgeordnete/biografien/W/wegling_melanie-860676";"860676"
"Weidel";"Dr. Alice";"/abgeordnete/biografien/W/weidel_alice-858184";"858184"
"Weingarten";"Dr. Joe";"/abgeordnete/biografien/W/weingarten_joe-858196";"858196"
"Weisgerber";"Dr. Anja";"/abgeordnete/biografien/W/weisgerber_anja-858178";"858178"
"Weishaupt";"Saskia";"/abgeordnete/biografien/W/weishaupt_saskia-860332";"860332"
"Weiss";"Maria-Lena";"/abgeordnete/biografien/W/weiss_maria-861824";"861824"
"Weiss (Wesel I)";"Sabine";"/abgeordnete/biografien/W/weiss_sabine-858150";"858150"
"Wenzel";"Stefan";"/abgeordnete/biografien/W/wenzel_stefan-860834";"860834"
"Werner";"Lena";"/abgeordnete/biografien/W/werner_lena-861196";"861196"
"Westig";"Nicole";"/abgeordnete/biografien/W/westig_nicole-858198";"858198"
"Westphal";"Bernd";"/abgeordnete/biografien/W/westphal_bernd-858148";"858148"
"Weyel";"Prof. Dr. Harald";"/abgeordnete/biografien/W/weyel_harald-858182";"858182"
"Whittaker";"Kai";"/abgeordnete/biografien/W/whittaker_kai-858194";"858194"
"Widmann-Mauz";"Annette";"/abgeordnete/biografien/…ann_mauz_annette-858200";"858200"
"Wiehle";"Wolfgang";"/abgeordnete/biografien/W/wiehle_wolfgang-858168";"858168"
"Wiener";"Dr. Klaus";"/abgeordnete/biografien/W/wiener_klaus-861052";"861052"
"Wiese";"Dirk";"/abgeordnete/biografien/W/wiese_dirk-858180";"858180"
"Willsch";"Klaus-Peter";"/abgeordnete/biografien/…lsch_klaus_peter-858176";"858176"
"Winkelmeier-Becker";"Elisabeth";"/abgeordnete/biografien/…becker_elisabeth-858192";"858192"
"Winkler";"Tobias";"/abgeordnete/biografien/W/winkler_tobias-860366";"860366"
"Winklmann";"Tina";"/abgeordnete/biografien/W/winklmann_tina-860348";"860348"
"Wirth";"Dr. Christian";"/abgeordnete/biografien/W/wirth_christian-858172";"858172"
"Wissing";"Dr. Volker";"/abgeordnete/biografien/W/wissing_volker-861446";"861446"
"Wissler";"Janine";"/abgeordnete/biografien/W/wissler_janine-861432";"861432"
"Witt";"Uwe";"/abgeordnete/biografien/W/witt_uwe-858154";"858154"
"Wittmann";"Mechthilde";"/abgeordnete/biografien/…tmann_mechthilde-860322";"860322"
"Wollmann";"Dr. Herbert";"/abgeordnete/biografien/W/wollmann_herbert-861474";"861474"
"Wulf";"Mareike Lotte";"/abgeordnete/biografien/W/wulf_mareike-860802";"860802"
"Wundrak";"Joachim";"/abgeordnete/biografien/W/wundrak_joachim-861462";"861462"
"Yüksel";"Gülistan";"/abgeordnete/biografien/Y/yueksel_guelistan-858204";"858204"
"Zeulner";"Emmi";"/abgeordnete/biografien/Z/zeulner_emmi-858212";"858212"
"Ziegler";"Kay-Uwe";"/abgeordnete/biografien/Z/ziegler_kay-863322";"863322"
"Ziemiak";"Paul";"/abgeordnete/biografien/Z/ziemiak_paul-858210";"858210"
"Zierke";"Stefan";"/abgeordnete/biografien/Z/zierke_stefan-858206";"858206"
"Zimmermann";"Dr. Jens";"/abgeordnete/biografien/Z/zimmermann_jens-858214";"858214"
"Zippelius";"Nicolas";"/abgeordnete/biografien/Z/zippelius_nicolas-861658";"861658"
"Zorn";"Armand";"/abgeordnete/biografien/Z/zorn_armand-861560";"861560"
"Zschau";"Katrin";"/abgeordnete/biografien/Z/zschau_katrin-860826";"860826"
