Nachname,Vorname,Anrede,Geschlecht,ID
Abdi,Sanae,Sanae Abdi,F,861028
Akbulut,Gökay,Gökay Akbulut,F,857082
Abel,Valentin,Valentin Abel,M,860100
Al-Dailami,Ali,Ali Al-Dailami,M,860114
Abraham,Knut,Knut Abraham,M,860546
Al-Halak,Muhanad,Muhanad Al-Halak,M,860118
Adler,Katja,Katja Adler,F,860102
Alabali-Radovan,Reem,Reem Alabali-Radovan,F,860830
Aeffner,Stephanie,Stephanie Aeffner,F,860154
Albani,Stephan,Stephan Albani,M,857088
Ahmetovic,Adis,Adis Ahmetovic,M,861876
Alt,Renata,Renata Alt,F,857098
Altenkamp,Norbert Maria,Norbert Maria Altenkamp,M,857102
Amthor,Philipp,Philipp Amthor,M,857086
Amtsberg,Luise,Luise Amtsberg,F,857104
Andres,Dagmar,Dagmar Andres,F,860980
Annen,Niels,Niels Annen,M,857106
Arlt,Johannes,Johannes Arlt,M,860828
Aschenberg-Dugnus,Christine,Christine Aschenberg-Dugnus,F,857094
Audretsch,Andreas,Andreas Audretsch,M,860496
Auernhammer,Artur,Artur Auernhammer,M,857084
Aumer,Peter,Peter Aumer,M,857090
Außendorf,Maik,Maik Außendorf,M,860932
Bacherle,Tobias,Tobias Bacherle,M,860138
Bachmann,Carolin,Carolin Bachmann,F,863318
Badum,Lisa,Lisa Badum,F,857148
Baehrens,Heike,Heike Baehrens,F,857144
Bär,Dorothee,Dorothee Bär,F,857110
Bär,Karl,Karl Bär,M,860334
Baerbock,Annalena,Annalena Baerbock,F,857150
Bahr,Ulrike,Ulrike Bahr,F,857152
Baldy,Daniel,Daniel Baldy,M,861186
Banaszak,Felix,Felix Banaszak,M,860904
Baradari,Nezahat,Nezahat Baradari,F,857122
Bareiß,Thomas,Thomas Bareiß,M,857138
Bartol,Sören,Sören Bartol,M,857132
Bartsch,Dr. Dietmar,Dr. Dietmar Bartsch,M,857154
Bas,Bärbel,Bärbel Bas,F,857120
Bauer,Nicole,Nicole Bauer,F,857140
Baum,Dr. Christina,Dr. Christina Baum,F,860218
Baumann,Dr. Bernd,Dr. Bernd Baumann,M,857160
Bayram,Canan,Canan Bayram,F,857156
Beck,Katharina,Katharina Beck,F,860700
Beckamp,Roger,Roger Beckamp,M,860236
Becker,Dr. Holger,Dr. Holger Becker,M,861440
Beeck,Jens,Jens Beeck,M,857142
Benner,Lukas,Lukas Benner,M,861470
Berghahn,Jürgen,Jürgen Berghahn,M,861088
Berghegger,Dr. André,Dr. André Berghegger,M,857124
Bergt,Bengt,Bengt Bergt,M,861374
Bernhard,Marc,Marc Bernhard,M,857114
Beyer,Peter,Peter Beyer,M,857108
Biadacz,Marc,Marc Biadacz,M,857126
Bilger,Steffen,Steffen Bilger,M,857146
Birkwald,Matthias W.,Matthias W. Birkwald,M,857206
Blankenburg,Jakob,Jakob Blankenburg,M,860872
Bleck,Andreas,Andreas Bleck,M,857164
Bochmann,René,René Bochmann,M,860294
Bodtke,Ingo,Ingo Bodtke,M,860300
Boehringer,Peter,Peter Boehringer,M,857196
Boginski,Friedhelm,Friedhelm Boginski,M,860302
Bollmann,Gereon,Gereon Bollmann,M,860310
Borchardt,Simone,Simone Borchardt,F,860762
Brand,Michael,Michael Brand,M,857184
Brandenburg,Dr. Jens,Dr. Jens Brandenburg,M,857216
Brandenburg,Mario,Mario Brandenburg,M,857166
Brandes,Dirk,Dirk Brandes,M,860314
Brandl,Dr. Reinhard,Dr. Reinhard Brandl,M,857194
Brandner,Stephan,Stephan Brandner,M,857202
Brantner,Dr. Franziska,Dr. Franziska Brantner,F,857200
Braun,Prof. Dr. Helge,Prof. Dr. Helge Braun,M,857178
Braun,Jürgen,Jürgen Braun,M,857190
Breher,Silvia,Silvia Breher,F,857172
Brehm,Sebastian,Sebastian Brehm,M,857198
Brehmer,Heike,Heike Brehmer,F,857180
Breilmann,Michael,Michael Breilmann,M,860954
Breymaier,Leni,Leni Breymaier,F,857186
Brinkhaus,Ralph,Ralph Brinkhaus,M,857212
Brodesser,Dr. Carsten,Dr. Carsten Brodesser,M,857218
Bröhr,Dr. Marlon,Dr. Marlon Bröhr,M,861144
Brugger,Agnieszka,Agnieszka Brugger,F,857182
Bsirske,Frank,Frank Bsirske,M,860818
Bubendorfer-Licht,Sandra,Sandra Bubendorfer-Licht,F,857188
Budde,Katrin,Katrin Budde,F,857170
Bühl,Marcus,Marcus Bühl,M,857208
Bünger,Clara,Clara Bünger,F,874466
Bury,Yannick,Yannick Bury,M,861566
Buschmann,Dr. Marco,Dr. Marco Buschmann,M,857192
Busen,Karlheinz,Karlheinz Busen,M,857210
Bystron,Petr,Petr Bystron,M,857176
Cademartori,Isabel,Isabel Cademartori,F,860204
Castellucci,Prof. Dr. Lars,Prof. Dr. Lars Castellucci,M,857236
Christmann,Dr. Anna,Dr. Anna Christmann,F,857222
Chrupalla,Tino,Tino Chrupalla,M,857230
Connemann,Gitta,Gitta Connemann,F,857226
Coße,Jürgen,Jürgen Coße,M,860994
Cotar,Joana,Joana Cotar,F,857234
Cronenberg,Carl-Julius,Carl-Julius Cronenberg,M,857232
Curio,Dr. Gottfried,Dr. Gottfried Curio,M,857228
Czaja,Mario,Mario Czaja,M,861524
Dahmen,Dr. Janosch,Dr. Janosch Dahmen,M,857272
Daldrup,Bernhard,Bernhard Daldrup,M,857248
Damerow,Astrid,Astrid Damerow,F,857268
Dağdelen,Sevim,Sevim Dağdelen,F,857246
Deligöz,Ekin,Ekin Deligöz,F,857242
Demir,Hakan,Hakan Demir,M,861502
Detzer,Dr. Sandra,Dr. Sandra Detzer,F,860130
Diaby,Dr. Karamba,Dr. Karamba Diaby,M,857252
Diedenhofen,Martin,Martin Diedenhofen,M,861190
Dieren,Jan,Jan Dieren,M,861096
Dietz,Thomas,Thomas Dietz,M,860430
Dilcher,Esther,Esther Dilcher,F,857244
Dittmar,Sabine,Sabine Dittmar,F,857240
Djir-Sarai,Bijan,Bijan Djir-Sarai,M,857262
Dobrindt,Alexander,Alexander Dobrindt,M,857264
Döring,Felix,Felix Döring,M,860648
Domscheit-Berg,Anke,Anke Domscheit-Berg,F,857258
Donth,Michael,Michael Donth,M,857254
Dröge,Katharina,Katharina Dröge,F,857250
Droßmann,Falko,Falko Droßmann,M,861608
Düring,Deborah,Deborah Düring,F,860736
Dürr,Christian,Christian Dürr,M,857270
Durz,Hansjörg,Hansjörg Durz,M,857260
Ebner,Harald,Harald Ebner,M,857284
Echeverria,Axel,Axel Echeverria,M,860998
Eckert,Leon,Leon Eckert,M,860382
Edelhäußer,Ralph,Ralph Edelhäußer,M,861822
Ehrhorn,Thomas,Thomas Ehrhorn,M,857276
Eichwede,Sonja,Sonja Eichwede,F,860474
Emmerich,Marcel,Marcel Emmerich,M,863346
Engelhard,Alexander,Alexander Engelhard,M,861748
Engelhardt,Heike,Heike Engelhardt,F,860228
Englhardt-Kopf,Martina,Martina Englhardt-Kopf,F,860320
Erndl,Thomas,Thomas Erndl,M,857286
Ernst,Klaus,Klaus Ernst,M,857282
Esdar,Dr. Wiebke,Dr. Wiebke Esdar,F,857288
Esken,Saskia,Saskia Esken,F,857280
Espendiller,Dr. Michael,Dr. Michael Espendiller,M,857290
Faber,Dr. Marcus,Dr. Marcus Faber,M,857296
Färber,Hermann,Hermann Färber,M,857322
Fäscher,Ariane,Ariane Fäscher,F,860484
Fahimi,Yasmin,Yasmin Fahimi,F,857316
Farle,Robert,Robert Farle,M,863326
Fechner,Dr. Johannes,Dr. Johannes Fechner,M,857324
Feiler,Uwe,Uwe Feiler,M,857298
Felser,Peter,Peter Felser,M,857292
Ferlemann,Enak,Enak Ferlemann,M,857318
Ferschl,Susanne,Susanne Ferschl,F,857312
Fester,Emilia,Emilia Fester,F,860704
Fiedler,Sebastian,Sebastian Fiedler,M,861716
Föst,Daniel,Daniel Föst,M,857310
Franke,Dr. Edgar,Dr. Edgar Franke,M,857306
Frei,Thorsten,Thorsten Frei,M,857308
Fricke,Otto,Otto Fricke,M,857314
Friedhoff,Dietmar,Dietmar Friedhoff,M,857302
Friedrich,Dr. Hans-Peter,Dr. Hans-Peter Friedrich,M,857300
Frieser,Michael,Michael Frieser,M,857294
Frömming,Dr. Götz,Dr. Götz Frömming,M,857320
Frohnmaier,Markus,Markus Frohnmaier,M,857304
Funke,Fabian,Fabian Funke,M,861290
Funke-Kaiser,Maximilian,Maximilian Funke-Kaiser,M,860504
Gädechens,Ingo,Ingo Gädechens,M,857372
Gambir,Schahina,Schahina Gambir,F,860934
Ganserer,Tessa,Tessa Ganserer,F,860336
Gassner-Herz,Martin,Martin Gassner-Herz,M,860520
Gastel,Matthias,Matthias Gastel,M,857368
Gauland,Dr. Alexander,Dr. Alexander Gauland,M,857328
Gava,Manuel,Manuel Gava,M,860882
Gebhart,Dr. Thomas,Dr. Thomas Gebhart,M,863124
Gehring,Kai,Kai Gehring,M,857348
Geissler,Dr. Jonas,Dr. Jonas Geissler,M,861556
Gelbhaar,Stefan,Stefan Gelbhaar,M,857334
Gerdes,Michael,Michael Gerdes,M,857362
Gerschau,Knut,Knut Gerschau,M,860534
Gerster,Martin,Martin Gerster,M,857338
Gesenhues,Dr. Jan-Niclas,Dr. Jan-Niclas Gesenhues,M,860906
Glaser,Albrecht,Albrecht Glaser,M,857350
Glöckner,Angelika,Angelika Glöckner,F,857370
Gnauck,Hannes,Hannes Gnauck,M,860536
Göring-Eckardt,Katrin,Katrin Göring-Eckardt,F,857330
Görke,Christian,Christian Görke,M,860512
Gohlke,Nicole,Nicole Gohlke,F,857380
Gottschalk,Kay,Kay Gottschalk,M,857332
Gräßle,Dr. Ingeborg,Dr. Ingeborg Gräßle,F,860112
Gramling,Fabian,Fabian Gramling,M,861744
Grau,Prof. Dr. Armin,Prof. Dr. Armin Grau,M,861218
Gremmels,Timon,Timon Gremmels,M,857384
Griese,Kerstin,Kerstin Griese,F,857340
Gröhe,Hermann,Hermann Gröhe,M,857336
Grötsch,Uli,Uli Grötsch,M,857364
Grosse-Brömer,Michael,Michael Grosse-Brömer,M,857344
Grübel,Markus,Markus Grübel,M,857360
Grütters,Prof. Monika,Prof. Monika Grütters,F,857378
Grützmacher,Sabine,Sabine Grützmacher,F,861782
Grund,Manfred,Manfred Grund,M,857366
Grundl,Erhard,Erhard Grundl,M,857346
Grundmann,Oliver,Oliver Grundmann,M,857356
Güler,Serap,Serap Güler,F,860942
Güntzler,Fritz,Fritz Güntzler,M,857354
Gürpinar,Ates,Ates Gürpinar,M,860516
Gutting,Olav,Olav Gutting,M,857342
Gysi,Dr. Gregor,Dr. Gregor Gysi,M,863130
Haase,Christian,Christian Haase,M,857456
Habeck,Dr. Robert,Dr. Robert Habeck,M,861322
Hacker,Thomas,Thomas Hacker,M,857486
Hagedorn,Bettina,Bettina Hagedorn,F,857422
Hagl-Kehl,Rita,Rita Hagl-Kehl,F,857446
Hahn,Dr. André,Dr. André Hahn,M,857462
Hahn,Florian,Florian Hahn,M,857470
Hakverdi,Metin,Metin Hakverdi,M,857438
Hanke,Reginald,Reginald Hanke,M,857466
Harder-Kühnel,Mariana Iris,Mariana Iris Harder-Kühnel,F,857390
Hardt,Jürgen,Jürgen Hardt,M,857408
Hartewig,Philipp,Philipp Hartewig,M,860586
Hartmann,Sebastian,Sebastian Hartmann,M,857488
Harzer,Ulrike,Ulrike Harzer,F,860588
Haßelmann,Britta,Britta Haßelmann,F,857416
Hauer,Matthias,Matthias Hauer,M,857432
Haug,Jochen,Jochen Haug,M,857388
Heck,Dr. Stefan,Dr. Stefan Heck,M,860650
Heidenblut,Dirk,Dirk Heidenblut,M,857440
Heidt,Peter,Peter Heidt,M,857476
Heil,Hubertus,Hubertus Heil,M,857452
Heil,Mechthild,Mechthild Heil,F,857412
Heiligenstadt,Frauke,Frauke Heiligenstadt,F,860864
Heilmann,Thomas,Thomas Heilmann,M,857430
Heinrich,Gabriela,Gabriela Heinrich,F,857410
Heitmann,Linda,Linda Heitmann,F,860706
Helferich,Matthias,Matthias Helferich,M,860592
Helfrich,Mark,Mark Helfrich,M,857398
Helling-Plahr,Katrin,Katrin Helling-Plahr,F,857420
Hellmich,Wolfgang,Wolfgang Hellmich,M,857434
Henneberger,Kathrin,Kathrin Henneberger,F,860936
Hennig,Anke,Anke Hennig,F,860878
Hennig-Wellsow,Susanne,Susanne Hennig-Wellsow,F,860596
Hennrich,Michael,Michael Hennrich,M,857406
Henrichmann,Marc,Marc Henrichmann,M,857478
Herbrand,Markus,Markus Herbrand,M,857442
Herbst,Torsten,Torsten Herbst,M,857454
Herrmann,Bernhard,Bernhard Herrmann,M,861258
Heselhaus,Nadine,Nadine Heselhaus,F,860970
Hess,Martin,Martin Hess,M,857490
Hessel,Katja,Katja Hessel,F,857474
Heveling,Ansgar,Ansgar Heveling,M,857460
Hierl,Susanne,Susanne Hierl,F,860324
Hilse,Karsten,Karsten Hilse,M,857458
Hirte,Christian,Christian Hirte,M,857492
Hitschler,Thomas,Thomas Hitschler,M,857396
Hocker,Dr. Gero Clemens,Dr. Gero Clemens Hocker,M,857472
Höchst,Nicole,Nicole Höchst,F,857424
Höferlin,Manuel,Manuel Höferlin,M,857484
Hönel,Bruno,Bruno Hönel,M,861328
Hoffmann,Alexander,Alexander Hoffmann,M,857494
Hoffmann,Dr. Bettina,Dr. Bettina Hoffmann,F,857468
Hoffmann,Dr. Christoph,Dr. Christoph Hoffmann,M,857402
Hofreiter,Dr. Anton,Dr. Anton Hofreiter,M,857482
Holm,Leif-Erik,Leif-Erik Holm,M,857480
Hoppenstedt,Dr. Hendrik,Dr. Hendrik Hoppenstedt,M,857418
Hoppermann,Franziska,Franziska Hoppermann,F,860600
Hostert,Jasmina,Jasmina Hostert,F,860128
Houben,Reinhard,Reinhard Houben,M,857414
Huber,Johannes,Johannes Huber,M,857428
Hubertz,Verena,Verena Hubertz,F,861188
Hümpfer,Markus,Markus Hümpfer,M,860292
Hüppe,Hubert,Hubert Hüppe,M,860964
Hunko,Andrej,Andrej Hunko,M,857404
Huy,Gerrit,Gerrit Huy,F,860640
in der Beek,Olaf,Olaf in der Beek,M,857498
Irlstorfer,Erich,Erich Irlstorfer,M,857500
Jacobi,Fabian,Fabian Jacobi,M,857514
Janecek,Dieter,Dieter Janecek,M,857506
Janich,Steffen,Steffen Janich,M,860662
Janssen,Anne,Anne Janssen,F,860798
Jarzombek,Thomas,Thomas Jarzombek,M,857510
Jensen,Gyde,Gyde Jensen,F,857518
Jongen,Dr. Marc,Dr. Marc Jongen,M,857508
Jung,Andreas,Andreas Jung,M,857502
Jung,Ingmar,Ingmar Jung,M,857512
Junge,Frank,Frank Junge,M,857516
Juratovic,Josip,Josip Juratovic,M,857504
Jurisch,Dr. Ann-Veruschka,Dr. Ann-Veruschka Jurisch,F,860692
Kaczmarek,Oliver,Oliver Kaczmarek,M,863312
Kaddor,Lamya,Lamya Kaddor,F,860914
Kaiser,Elisabeth,Elisabeth Kaiser,F,863132
Kappert-Gonther,Dr. Kirsten,Dr. Kirsten Kappert-Gonther,F,857550
Karaahmetoğlu,Macit,Macit Karaahmetoğlu,M,860182
Karliczek,Anja,Anja Karliczek,F,857544
Kasper,Carlos,Carlos Kasper,M,861280
Kassautzki,Anna,Anna Kassautzki,F,860822
Katzmarek,Gabriele,Gabriele Katzmarek,F,857596
Kaufmann,Dr. Malte,Dr. Malte Kaufmann,M,860720
Kaufmann,Prof. Dr.-Ing. habil. Michael,Prof. Dr.-Ing. habil. Michael Kaufmann,M,860722
Keller,Rainer Johannes,Rainer Johannes Keller,M,861916
Kellner,Michael,Michael Kellner,M,860560
Kemmer,Ronja,Ronja Kemmer,F,857538
Kersten,Dr. Franziska,Dr. Franziska Kersten,F,861316
Keul,Katja,Katja Keul,F,857546
Keuter,Stefan,Stefan Keuter,M,857560
Khan,Misbah,Misbah Khan,F,861222
Kiesewetter,Roderich,Roderich Kiesewetter,M,857588
Kießling,Michael,Michael Kießling,M,857602
Kindler,Sven-Christian,Sven-Christian Kindler,M,857556
Kippels,Dr. Georg,Dr. Georg Kippels,M,857584
Kipping,Katja,Katja Kipping,F,857598
Kiziltepe,Cansel,Cansel Kiziltepe,F,857554
Kleebank,Helmut,Helmut Kleebank,M,861504
Klein,Karsten,Karsten Klein,M,857608
Klein,Dr. Ottilie,Dr. Ottilie Klein,F,860522
Klein,Volkmar,Volkmar Klein,M,857570
Klein-Schmeink,Maria,Maria Klein-Schmeink,F,857558
Kleinwächter,Norbert,Norbert Kleinwächter,M,857576
Klinck,Dr. Kristian,Dr. Kristian Klinck,M,861384
Klingbeil,Lars,Lars Klingbeil,M,857600
Klöckner,Julia,Julia Klöckner,F,861140
Klose,Annika,Annika Klose,F,860418
Kluckert,Daniela,Daniela Kluckert,F,857594
Klüssendorf,Tim,Tim Klüssendorf,M,861362
Knoerig,Axel,Axel Knoerig,M,857578
Kober,Pascal,Pascal Kober,M,857540
Köhler,Dr. Lukas,Dr. Lukas Köhler,M,857606
König,Anne,Anne König,F,861538
König,Jörn,Jörn König,M,857604
Koeppen,Jens,Jens Koeppen,M,857548
Körber,Carsten,Carsten Körber,M,857574
Kofler,Dr. Bärbel,Dr. Bärbel Kofler,F,857572
Komning,Enrico,Enrico Komning,M,857566
Konrad,Carina,Carina Konrad,F,857568
Koob,Markus,Markus Koob,M,857592
Kopf,Chantal,Chantal Kopf,F,860140
Korte,Jan,Jan Korte,M,857580
Koß,Simona,Simona Koß,F,860480
Kotré,Steffen,Steffen Kotré,M,857630
Krämer,Philip,Philip Krämer,M,860734
Kraft,Laura,Laura Kraft,F,860960
Kraft,Dr. Rainer,Dr. Rainer Kraft,M,857626
Kramme,Anette,Anette Kramme,F,857618
Kreiser,Dunja,Dunja Kreiser,F,860868
Krichbaum,Gunther,Gunther Krichbaum,M,857620
Krings,Dr. Günter,Dr. Günter Krings,M,857610
Krischer,Oliver,Oliver Krischer,M,857624
Kröber,Martin,Martin Kröber,M,861314
Kruse,Michael,Michael Kruse,M,860754
Kuban,Tilman,Tilman Kuban,M,860800
Kubicki,Wolfgang,Wolfgang Kubicki,M,857640
Kühn,Christian,Christian Kühn,M,857612
Kühnert,Kevin,Kevin Kühnert,M,860416
Künast,Renate,Renate Künast,F,857614
Kuhle,Konstantin,Konstantin Kuhle,M,857616
Kurth,Markus,Markus Kurth,M,857638
Lahrkamp,Sarah,Sarah Lahrkamp,F,860984
Lambsdorff,Alexander Graf,Alexander Graf Lambsdorff,M,857686
Lang,Ricarda,Ricarda Lang,F,860132
Lange,Ulrich,Ulrich Lange,M,863316
Larem,Andreas,Andreas Larem,M,860644
Laschet,Armin,Armin Laschet,M,860940
Latendorf,Ina,Ina Latendorf,F,860778
Launert,Dr. Silke,Dr. Silke Launert,F,857690
Lauterbach,Prof. Dr. Karl,Prof. Dr. Karl Lauterbach,M,857696
Lay,Caren,Caren Lay,F,857654
Lechte,Ulrich,Ulrich Lechte,M,857684
Lehmann,Jens,Jens Lehmann,M,857694
Lehmann,Sven,Sven Lehmann,M,857664
Lehmann,Sylvia,Sylvia Lehmann,F,857668
Lehrieder,Paul,Paul Lehrieder,M,857676
Leikert,Dr. Katja,Dr. Katja Leikert,F,857650
Leiser,Kevin,Kevin Leiser,M,860222
Lemke,Steffi,Steffi Lemke,F,857674
Lenders,Jürgen,Jürgen Lenders,M,860780
Lenk,Barbara,Barbara Lenk,F,860782
Lenkert,Ralph,Ralph Lenkert,M,857698
Lenz,Dr. Andreas,Dr. Andreas Lenz,M,857656
Leye,Christian,Christian Leye,M,860784
Licina-Bode,Luiza,Luiza Licina-Bode,F,861002
Lieb,Dr. Thorsten,Dr. Thorsten Lieb,M,860786
Liebert,Anja,Anja Liebert,F,861930
Limbacher,Esra,Esra Limbacher,M,861252
Limburg,Helge,Helge Limburg,M,860820
Lindemann,Lars,Lars Lindemann,M,860788
Lindh,Helge,Helge Lindh,M,857648
Lindholz,Andrea,Andrea Lindholz,F,857700
Lindner,Christian,Christian Lindner,M,857658
Lindner,Dr. Tobias,Dr. Tobias Lindner,M,857672
Link,Michael Georg,Michael Georg Link,M,857678
Linnemann,Dr. Carsten,Dr. Carsten Linnemann,M,857688
Lips,Patricia,Patricia Lips,F,857666
Lötzsch,Dr. Gesine,Dr. Gesine Lötzsch,F,857662
Loop,Denise,Denise Loop,F,861324
Loos,Bernhard,Bernhard Loos,M,857680
Lucassen,Rüdiger,Rüdiger Lucassen,M,857652
Lucks,Max,Max Lucks,M,860924
Luczak,Dr. Jan-Marco,Dr. Jan-Marco Luczak,M,857670
Ludwig,Daniela,Daniela Ludwig,F,857682
Lührmann,Dr. Anna,Dr. Anna Lührmann,F,860732
Lütke,Kristine,Kristine Lütke,F,860764
Lugk,Bettina,Bettina Lugk,F,860978
Luksic,Oliver,Oliver Luksic,M,857702
Lutze,Thomas,Thomas Lutze,M,857660
Maas,Heiko,Heiko Maas,M,857754
Machalet,Dr. Tanja,Dr. Tanja Machalet,F,861182
Mack,Klaus,Klaus Mack,M,861554
Mackensen-Geis,Isabel,Isabel Mackensen-Geis,F,857764
Magwas,Yvonne,Yvonne Magwas,F,857746
Malottki,Erik von,Erik von Malottki,M,860824
Mann,Holger,Holger Mann,M,861268
Mansmann,Till,Till Mansmann,M,857714
Mansoori,Kaweh,Kaweh Mansoori,M,860624
Martens,Dr. Zanda,Dr. Zanda Martens,F,860992
Martin,Dorothee,Dorothee Martin,F,857706
Marvi,Parsa,Parsa Marvi,M,860158
Mascheck,Franziska,Franziska Mascheck,F,861710
Mast,Katja,Katja Mast,F,857756
Mattfeldt,Andreas,Andreas Mattfeldt,M,857716
Mayer,Stephan,Stephan Mayer,M,857710
Mayer,Zoe,Zoe Mayer,F,860136
Mayer-Lay,Volker,Volker Mayer-Lay,M,861536
Mehltretter,Andreas,Andreas Mehltretter,M,860282
Mehmet Ali,Takis,Takis Mehmet Ali,M,860230
Meiser,Pascal,Pascal Meiser,M,857732
Meister,Dr. Michael,Dr. Michael Meister,M,857742
Menge,Susanne,Susanne Menge,F,860842
Merten,Anikó,Anikó Merten,F,860896
Merz,Friedrich,Friedrich Merz,M,861648
Mesarosch,Robin,Robin Mesarosch,M,860198
Metzler,Jan,Jan Metzler,M,857736
Meyer,Christoph,Christoph Meyer,M,857758
Miazga,Corinna,Corinna Miazga,F,857734
Michaelsen,Swantje Henrike,Swantje Henrike Michaelsen,F,860836
Michel,Kathrin,Kathrin Michel,F,861270
Middelberg,Dr. Mathias,Dr. Mathias Middelberg,M,857718
Miersch,Dr. Matthias,Dr. Matthias Miersch,M,857728
Mieves,Matthias David,Matthias David Mieves,M,861194
Mihalic,Dr. Irene,Dr. Irene Mihalic,F,857750
Mijatović,Boris,Boris Mijatović,M,860738
Mittag,Susanne,Susanne Mittag,F,857748
Möhring,Cornelia,Cornelia Möhring,F,857724
Möller,Siemtje,Siemtje Möller,F,857744
Mörseburg,Maximilian,Maximilian Mörseburg,M,861900
Mohamed Ali,Amira,Amira Mohamed Ali,F,857720
Mohrs,Falko,Falko Mohrs,M,857730
Moll,Claudia,Claudia Moll,F,857752
Moncsek,Mike,Mike Moncsek,M,860898
Monstadt,Dietrich,Dietrich Monstadt,M,857762
Moosdorf,Matthias,Matthias Moosdorf,M,863320
Mordhorst,Maximilian,Maximilian Mordhorst,M,860900
Müller,Alexander,Alexander Müller,M,857774
Müller,Axel,Axel Müller,M,857788
Müller,Bettina,Bettina Müller,F,857768
Müller,Carsten,Carsten Müller,M,857782
Müller,Claudia,Claudia Müller,F,857790
Müller,Detlef,Detlef Müller,M,857770
Müller,Florian,Florian Müller,M,861766
Müller,Michael,Michael Müller,M,860414
Müller,Sascha,Sascha Müller,M,860318
Müller,Sepp,Sepp Müller,M,857766
Müller,Stefan,Stefan Müller,M,857778
Müller-Gemmeke,Beate,Beate Müller-Gemmeke,F,857794
Müller-Rosentritt,Frank,Frank Müller-Rosentritt,M,857786
Müntefering,Michelle,Michelle Müntefering,F,857780
Münzenmaier,Sebastian,Sebastian Münzenmaier,M,857784
Mützenich,Dr. Rolf,Dr. Rolf Mützenich,M,857772
Nacke,Dr. Stefan,Dr. Stefan Nacke,M,860956
Nanni,Sara,Sara Nanni,F,860928
Nasr,Rasha,Rasha Nasr,F,861278
Nastic,Zaklin,Zaklin Nastic,F,857806
Naujok,Edgar,Edgar Naujok,M,863324
Nestle,Dr. Ingrid,Dr. Ingrid Nestle,F,857804
Nick,Dr. Ophelia,Dr. Ophelia Nick,F,860916
Nickholz,Brian,Brian Nickholz,M,861098
Nicolaisen,Petra,Petra Nicolaisen,F,857808
Nietan,Dietmar,Dietmar Nietan,M,857810
Nolte,Jan Ralf,Jan Ralf Nolte,M,857798
Notz,Dr. Konstantin von,Dr. Konstantin von Notz,M,857802
Nouripour,Omid,Omid Nouripour,M,857814
Nürnberger,Jörg,Jörg Nürnberger,M,860288
Oehl,Lennard,Lennard Oehl,M,861610
Oellers,Wilfried,Wilfried Oellers,M,857818
Özdemir,Cem,Cem Özdemir,M,857832
Özdemir,Mahmut,Mahmut Özdemir,M,857826
Özoğuz,Aydan,Aydan Özoğuz,F,857820
Oppelt,Moritz,Moritz Oppelt,M,861820
Ortleb,Josephine,Josephine Ortleb,F,857828
Oßner,Florian,Florian Oßner,M,857822
Oster,Josef,Josef Oster,M,857816
Otte,Henning,Henning Otte,M,857830
Otte,Karoline,Karoline Otte,F,860832
Otten,Gerold,Gerold Otten,M,857834
Pahlke,Julian,Julian Pahlke,M,860840
Pantazis,Dr. Christos,Dr. Christos Pantazis,M,860892
Papenbrock,Wiebke,Wiebke Papenbrock,F,860488
Papendieck,Mathias,Mathias Papendieck,M,860472
Pau,Petra,Petra Pau,F,857870
Paus,Lisa,Lisa Paus,F,857850
Pawlik,Natalie,Natalie Pawlik,F,860626
Peick,Jens,Jens Peick,M,861118
Pellmann,Sören,Sören Pellmann,M,857858
Perli,Victor,Victor Perli,M,857872
Peterka,Tobias Matthias,Tobias Matthias Peterka,M,857866
Petry,Christian,Christian Petry,M,863314
Philippi,Dr. Andreas,Dr. Andreas Philippi,M,860874
Piechotta,Dr. med. Paula,Dr. med. Paula Piechotta,F,861256
Pilsinger,Stephan,Stephan Pilsinger,M,857848
Plobner,Jan,Jan Plobner,M,860306
Ploß,Dr. Christoph,Dr. Christoph Ploß,M,857842
Plum,Dr. Martin,Dr. Martin Plum,M,861042
Pohl,Jürgen,Jürgen Pohl,M,857846
Polat,Filiz,Filiz Polat,F,857860
Poschmann,Sabine,Sabine Poschmann,F,857864
Post,Achim,Achim Post,M,857844
Protschka,Stephan,Stephan Protschka,M,857868
Rachel,Thomas,Thomas Rachel,M,857924
Radomski,Kerstin,Kerstin Radomski,F,857880
Radwan,Alexander,Alexander Radwan,M,857896
Raffelhüschen,Claudia,Claudia Raffelhüschen,F,866132
Rainer,Alois,Alois Rainer,M,857914
Ramsauer,Dr. Peter,Dr. Peter Ramsauer,M,857876
Redder,Dr. Volker,Dr. Volker Redder,M,861060
Rehbaum,Henning,Henning Rehbaum,M,861928
Reichardt,Martin,Martin Reichardt,M,857894
Reichel,Dr. Markus,Dr. Markus Reichel,M,861274
Reichinnek,Heidi,Heidi Reichinnek,F,861074
Reinalter,Prof. Dr. Anja,Prof. Dr. Anja Reinalter,F,860176
Reinhold,Hagen,Hagen Reinhold,M,857902
Renner,Martin Erwin,Martin Erwin Renner,M,857898
Renner,Martina,Martina Renner,F,857908
Reuther,Bernd,Bernd Reuther,M,857906
Rhie,Ye-One,Ye-One Rhie,F,860996
Rief,Josef,Josef Rief,M,857912
Riexinger,Bernd,Bernd Riexinger,M,857886
Rimkus,Andreas,Andreas Rimkus,M,857900
Rinck,Frank,Frank Rinck,M,861108
Rix,Sönke,Sönke Rix,M,857882
Rößner,Tabea,Tabea Rößner,F,857920
Röttgen,Dr. Norbert,Dr. Norbert Röttgen,M,857928
Röwekamp,Thomas,Thomas Röwekamp,M,860556
Rohde,Dennis,Dennis Rohde,M,857890
Rohwer,Lars,Lars Rohwer,M,861562
Roloff,Sebastian,Sebastian Roloff,M,860266
Rosemann,Dr. Martin,Dr. Martin Rosemann,M,857926
Rosenthal,Jessica,Jessica Rosenthal,F,860982
Roth,Claudia,Claudia Roth,F,857916
Roth,Michael,Michael Roth,M,857922
Rottmann,Dr. Manuela,Dr. Manuela Rottmann,F,857878
Rouenhoff,Stefan,Stefan Rouenhoff,M,857892
Rudolph,Dr. Thorsten,Dr. Thorsten Rudolph,M,861184
Rudolph,Tina,Tina Rudolph,F,861438
Rüddel,Erwin,Erwin Rüddel,M,857930
Rüffer,Corinna,Corinna Rüffer,F,857888
Rützel,Bernd,Bernd Rützel,M,857910
Rupprecht,Albert,Albert Rupprecht,M,857884
Ryglewski,Sarah,Sarah Ryglewski,F,857904
Saathoff,Johann,Johann Saathoff,M,857972
Saleh,Kassem Taher,Kassem Taher Saleh,M,861262
Santos Firnhaber,Catarina dos,Catarina dos Santos Firnhaber,F,860952
Sattelberger,Dr. h. c. Thomas,Dr. h. c. Thomas Sattelberger,M,863128
Sauter,Christian,Christian Sauter,M,857932
Schäfer,Axel,Axel Schäfer,M,857946
Schäfer,Ingo,Ingo Schäfer,M,861050
Schäfer,Jamila,Jamila Schäfer,F,860330
Schäfer,Dr. Sebastian,Dr. Sebastian Schäfer,M,860174
Schäffler,Frank,Frank Schäffler,M,857952
Schätzl,Johannes,Johannes Schätzl,M,860286
Schäuble,Dr. Wolfgang,Dr. Wolfgang Schäuble,M,857936
Schamber,Rebecca,Rebecca Schamber,F,860884
Schattner,Bernd,Bernd Schattner,M,861158
Schauws,Ulle,Ulle Schauws,F,857942
Scheer,Dr. Nina,Dr. Nina Scheer,F,857962
Schenderlein,Dr. Christiane,Dr. Christiane Schenderlein,F,861272
Scheuer,Andreas,Andreas Scheuer,M,857964
Schieder,Marianne,Marianne Schieder,F,857968
Schiefner,Udo,Udo Schiefner,M,857940
Schielke-Ziesing,Ulrike,Ulrike Schielke-Ziesing,F,857954
Schierenbeck,Peggy,Peggy Schierenbeck,F,860880
Schimke,Jana,Jana Schimke,F,857976
Schisanowski,Timo,Timo Schisanowski,M,861110
Schmid,Christoph,Christoph Schmid,M,860280
Schmid,Dr. Nils,Dr. Nils Schmid,M,857958
Schmidt,Dagmar,Dagmar Schmidt,F,857966
Schmidt,Eugen,Eugen Schmidt,M,861178
Schmidt,Jan Wenzel,Jan Wenzel Schmidt,M,861180
Schmidt,Stefan,Stefan Schmidt,M,857950
Schmidt,Uwe,Uwe Schmidt,M,857938
Schneider,Carsten,Carsten Schneider,M,857990
Schneider,Daniel,Daniel Schneider,M,860886
Schneider,Jörg,Jörg Schneider,M,858002
Schnieder,Patrick,Patrick Schnieder,M,857992
Schön,Nadine,Nadine Schön,F,858006
Schönberger,Marlene,Marlene Schönberger,F,860342
Scholz,Olaf,Olaf Scholz,M,860468
Schraps,Johannes,Johannes Schraps,M,857996
Schreider,Christian,Christian Schreider,M,861204
Schreiner,Felix,Felix Schreiner,M,857978
Schrodi,Michael,Michael Schrodi,M,857998
Schröder,Christina-Johanne,Christina-Johanne Schröder,F,860816
Schröder,Ria,Ria Schröder,F,861210
Schulz,Anja,Anja Schulz,F,861214
Schulz,Uwe,Uwe Schulz,M,857986
Schulz-Asche,Kordula,Kordula Schulz-Asche,F,858004
Schulze,Svenja,Svenja Schulze,F,860968
Schwabe,Frank,Frank Schwabe,M,857980
Schwartze,Stefan,Stefan Schwartze,M,857984
Schwarz,Andreas,Andreas Schwarz,M,857988
Schwarz,Armin,Armin Schwarz,M,860632
Schwarzelühr-Sutter,Rita,Rita Schwarzelühr-Sutter,F,857994
Seestern-Pauly,Matthias,Matthias Seestern-Pauly,M,858010
Seidler,Stefan,Stefan Seidler,M,863288
Seif,Detlef,Detlef Seif,M,858062
Seiter,Prof. Dr. Stephan,Prof. Dr. Stephan Seiter,M,861238
Seitz,Thomas,Thomas Seitz,M,858072
Seitzl,Dr. Lina,Dr. Lina Seitzl,F,860184
Sekmen,Melis,Melis Sekmen,F,860156
Semet,Rainer,Rainer Semet,M,861240
Sichert,Martin,Martin Sichert,M,858038
Silberhorn,Thomas,Thomas Silberhorn,M,858036
Simon,Björn,Björn Simon,M,858050
Sitte,Dr. Petra,Dr. Petra Sitte,F,858018
Skudelny,Judith,Judith Skudelny,F,858020
Slawik,Nyke,Nyke Slawik,F,860910
Sorge,Tino,Tino Sorge,M,858066
Spahn,Jens,Jens Spahn,M,858012
Spallek,Dr. Anne Monika,Dr. Anne Monika Spallek,F,860938
Spaniel,Dr. Dirk,Dr. Dirk Spaniel,M,858024
Spellerberg,Merle,Merle Spellerberg,F,861260
Springer,René,René Springer,M,858058
Stadler,Svenja,Svenja Stadler,F,858016
Staffler,Katrin,Katrin Staffler,F,858030
Stahr,Nina,Nina Stahr,F,860498
Stamm-Fibich,Martina,Martina Stamm-Fibich,F,858054
Stark-Watzinger,Bettina,Bettina Stark-Watzinger,F,858076
Steffen,Dr. Till,Dr. Till Steffen,M,860702
Stefinger,Dr. Wolfgang,Dr. Wolfgang Stefinger,M,858064
Stegemann,Albert,Albert Stegemann,M,858074
Stegner,Dr. Ralf,Dr. Ralf Stegner,M,861352
Stein,Mathias,Mathias Stein,M,858042
Steiniger,Johannes,Johannes Steiniger,M,858032
Steinmüller,Hanna,Hanna Steinmüller,F,860510
Stetten,Christian Freiherr von,Christian Freiherr von Stetten,M,858026
Sthamer,Nadja,Nadja Sthamer,F,861288
Stier,Dieter,Dieter Stier,M,858052
Stockmeier,Konrad,Konrad Stockmeier,M,861292
Stöber,Klaus,Klaus Stöber,M,863310
Stöcker,Diana,Diana Stöcker,F,861664
Storch,Beatrix von,Beatrix von Storch,F,858070
Storjohann,Gero,Gero Storjohann,M,858014
Strack-Zimmermann,Dr. Marie-Agnes,Dr. Marie-Agnes Strack-Zimmermann,F,858040
Stracke,Stephan,Stephan Stracke,M,858034
Strasser,Benjamin,Benjamin Strasser,M,858068
Straubinger,Max,Max Straubinger,M,858078
Strengmann-Kuhn,Dr. Wolfgang,Dr. Wolfgang Strengmann-Kuhn,M,858022
Stüwe,Ruppert,Ruppert Stüwe,M,860420
Stumpp,Christina,Christina Stumpp,F,861926
Tatti,Jessica,Jessica Tatti,F,858092
Tausend,Claudia,Claudia Tausend,F,858110
Tebroke,Dr. Hermann-Josef,Dr. Hermann-Josef Tebroke,M,858098
Tesfaiesus,Awet,Awet Tesfaiesus,F,860740
Teuteberg,Linda,Linda Teuteberg,F,858100
Teutrine,Jens,Jens Teutrine,M,861326
Theurer,Michael,Michael Theurer,M,858104
Thews,Michael,Michael Thews,M,858084
Thies,Hans-Jürgen,Hans-Jürgen Thies,M,858094
Thomae,Stephan,Stephan Thomae,M,858080
Throm,Alexander,Alexander Throm,M,858106
Tillmann,Antje,Antje Tillmann,F,858090
Timmermann-Fechter,Astrid,Astrid Timmermann-Fechter,F,860944
Tippelt,Nico,Nico Tippelt,M,861350
Todtenhausen,Manfred,Manfred Todtenhausen,M,858086
Töns,Markus,Markus Töns,M,858096
Toncar,Dr. Florian,Dr. Florian Toncar,M,858102
Träger,Carsten,Carsten Träger,M,858082
Trittin,Jürgen,Jürgen Trittin,M,858108
Troff-Schaffarzyk,Anja,Anja Troff-Schaffarzyk,F,860870
Türk-Nachbaur,Derya,Derya Türk-Nachbaur,F,860206
Uhl,Markus,Markus Uhl,M,858112
Uhlig,Katrin,Katrin Uhlig,F,860926
Ullmann,Prof. Dr. Andrew,Prof. Dr. Andrew Ullmann,M,858114
Ullrich,Frank,Frank Ullrich,M,861430
Ullrich,Gerald,Gerald Ullrich,M,858118
Ullrich,Dr. Volker,Dr. Volker Ullrich,M,858120
Ulrich,Alexander,Alexander Ulrich,M,858116
Verlinden,Dr. Julia,Dr. Julia Verlinden,F,858122
Vieregge,Kerstin,Kerstin Vieregge,F,858126
Völlers,Marja-Liisa,Marja-Liisa Völlers,F,858132
Vöpel,Dirk,Dirk Vöpel,M,858128
Vogel,Johannes,Johannes Vogel,M,858134
Vogler,Kathrin,Kathrin Vogler,F,858124
Vogt,Dr. Oliver,Dr. Oliver Vogt,M,860962
Vries,Christoph de,Christoph de Vries,M,858136
Wadephul,Dr. Johann David,Dr. Johann David Wadephul,M,858166
Wagener,Niklas,Niklas Wagener,M,860340
Wagener,Robin,Robin Wagener,M,860908
Wagenknecht,Dr. Sahra,Dr. Sahra Wagenknecht,F,858202
Wagner,Dr. Carolin,Dr. Carolin Wagner,F,860296
Wagner,Johannes,Johannes Wagner,M,860346
Wallstein,Maja,Maja Wallstein,F,860470
Walter,Hannes,Hannes Walter,M,860478
Walter-Rosenheimer,Beate,Beate Walter-Rosenheimer,F,858152
Wanderwitz,Marco,Marco Wanderwitz,M,858160
Warken,Nina,Nina Warken,F,858188
Weeser,Sandra,Sandra Weeser,F,858156
Wegge,Carmen,Carmen Wegge,F,860290
Wegling,Melanie,Melanie Wegling,F,860676
Weidel,Dr. Alice,Dr. Alice Weidel,F,858184
Weingarten,Dr. Joe,Dr. Joe Weingarten,M,858196
Weisgerber,Dr. Anja,Dr. Anja Weisgerber,F,858178
Weishaupt,Saskia,Saskia Weishaupt,F,860332
Weiss,Maria-Lena,Maria-Lena Weiss,F,861824
Weiss,Sabine,Sabine Weiss,F,858150
Wenzel,Stefan,Stefan Wenzel,M,860834
Werner,Lena,Lena Werner,F,861196
Westig,Nicole,Nicole Westig,F,858198
Westphal,Bernd,Bernd Westphal,M,858148
Weyel,Prof. Dr. Harald,Prof. Dr. Harald Weyel,M,858182
Whittaker,Kai,Kai Whittaker,M,858194
Widmann-Mauz,Annette,Annette Widmann-Mauz,F,858200
Wiehle,Wolfgang,Wolfgang Wiehle,M,858168
Wiener,Dr. Klaus,Dr. Klaus Wiener,M,861052
Wiese,Dirk,Dirk Wiese,M,858180
Willsch,Klaus-Peter,Klaus-Peter Willsch,M,858176
Winkelmeier-Becker,Elisabeth,Elisabeth Winkelmeier-Becker,F,858192
Winkler,Tobias,Tobias Winkler,M,860366
Winklmann,Tina,Tina Winklmann,F,860348
Wirth,Dr. Christian,Dr. Christian Wirth,M,858172
Wissing,Dr. Volker,Dr. Volker Wissing,M,861446
Wissler,Janine,Janine Wissler,F,861432
Witt,Uwe,Uwe Witt,M,858154
Wittmann,Mechthilde,Mechthilde Wittmann,F,860322
Wollmann,Dr. Herbert,Dr. Herbert Wollmann,M,861474
Wulf,Mareike Lotte,Mareike Lotte Wulf,F,860802
Wundrak,Joachim,Joachim Wundrak,M,861462
Yüksel,Gülistan,Gülistan Yüksel,F,858204
Zeulner,Emmi,Emmi Zeulner,F,858212
Ziegler,Kay-Uwe,Kay-Uwe Ziegler,M,863322
Ziemiak,Paul,Paul Ziemiak,M,858210
Zierke,Stefan,Stefan Zierke,M,858206
Zimmermann,Dr. Jens,Dr. Jens Zimmermann,M,858214
Zippelius,Nicolas,Nicolas Zippelius,M,861658
Zorn,Armand,Armand Zorn,M,861560
Zschau,Katrin,Katrin Zschau,F,860826
